{"IcoMoonType":"selection","icons":[{"icon":{"paths":["M810 274l-238 238 238 238-60 60-238-238-238 238-60-60 238-238-238-238 60-60 238 238 238-238z"],"attrs":[],"isMulticolor":false,"isMulticolor2":false,"tags":["clear","close"],"grid":24},"attrs":[],"properties":{"ligatures":"clear, close","id":153,"order":475,"prevSize":24,"code":59669,"name":"clear"},"setIdx":0,"setId":3,"iconIdx":153},{"icon":{"paths":["M810 896v-598h-468v598h468zM810 214q34 0 60 25t26 59v598q0 34-26 60t-60 26h-468q-34 0-60-26t-26-60v-598q0-34 26-59t60-25h468zM682 42v86h-512v598h-84v-598q0-34 25-60t59-26h512z"],"attrs":[],"isMulticolor":false,"isMulticolor2":false,"tags":["content_copy"],"grid":24},"attrs":[],"properties":{"ligatures":"content_copy","id":154,"order":476,"prevSize":24,"code":59672,"name":"content_copy"},"setIdx":0,"setId":3,"iconIdx":154},{"icon":{"paths":["M658 316l-196 196 196 196-60 60-256-256 256-256z"],"attrs":[],"isMulticolor":false,"isMulticolor2":false,"tags":["navigate_before","chevron_left"],"grid":24},"attrs":[],"properties":{"ligatures":"navigate_before, chevron_left","id":471,"order":467,"prevSize":24,"code":59675,"name":"navigate_before"},"setIdx":0,"setId":3,"iconIdx":471},{"icon":{"paths":["M426 256l256 256-256 256-60-60 196-196-196-196z"],"attrs":[],"isMulticolor":false,"isMulticolor2":false,"tags":["navigate_next","chevron_right"],"grid":24},"attrs":[],"properties":{"ligatures":"navigate_next, chevron_right","id":472,"order":468,"prevSize":24,"code":59678,"name":"navigate_next"},"setIdx":0,"setId":3,"iconIdx":472},{"icon":{"paths":["M384 690l452-452 60 60-512 512-238-238 60-60z"],"attrs":[],"isMulticolor":false,"isMulticolor2":false,"tags":["check"],"grid":24},"attrs":[],"properties":{"ligatures":"check","id":595,"order":448,"prevSize":24,"code":59648,"name":"check"},"setIdx":0,"setId":3,"iconIdx":595},{"icon":{"paths":["M512 342l256 256-60 60-196-196-196 196-60-60z"],"attrs":[],"isMulticolor":false,"isMulticolor2":false,"tags":["expand_less"],"grid":24},"attrs":[],"properties":{"ligatures":"expand_less","id":596,"order":465,"prevSize":24,"code":59680,"name":"expand_less"},"setIdx":0,"setId":3,"iconIdx":596},{"icon":{"paths":["M708 366l60 60-256 256-256-256 60-60 196 196z"],"attrs":[],"isMulticolor":false,"isMulticolor2":false,"tags":["expand_more"],"grid":24},"attrs":[],"properties":{"ligatures":"expand_more","id":597,"order":466,"prevSize":24,"code":59682,"name":"expand_more"},"setIdx":0,"setId":3,"iconIdx":597},{"icon":{"paths":["M512 426q34 0 60 26t26 60-26 60-60 26-60-26-26-60 26-60 60-26zM768 426q34 0 60 26t26 60-26 60-60 26-60-26-26-60 26-60 60-26zM256 426q34 0 60 26t26 60-26 60-60 26-60-26-26-60 26-60 60-26z"],"attrs":[],"isMulticolor":false,"isMulticolor2":false,"tags":["keyboard_control"],"grid":24},"attrs":[],"properties":{"ligatures":"keyboard_control","id":601,"order":462,"prevSize":24,"code":59651,"name":"keyboard_control"},"setIdx":0,"setId":3,"iconIdx":601},{"icon":{"paths":["M512 682q34 0 60 26t26 60-26 60-60 26-60-26-26-60 26-60 60-26zM512 426q34 0 60 26t26 60-26 60-60 26-60-26-26-60 26-60 60-26zM512 342q-34 0-60-26t-26-60 26-60 60-26 60 26 26 60-26 60-60 26z"],"attrs":[],"isMulticolor":false,"isMulticolor2":false,"tags":["more_vert"],"grid":24},"attrs":[],"properties":{"ligatures":"more_vert","id":602,"order":461,"prevSize":24,"code":59652,"name":"more_vert"},"setIdx":0,"setId":3,"iconIdx":602},{"icon":{"paths":["M754 270l100-100v300h-300l138-138q-76-76-180-76-106 0-181 75t-75 181 75 181 181 75q74 0 145-50t97-120h88q-28 112-120 184t-210 72q-140 0-240-100t-100-242 100-242 240-100q60 0 131 29t111 71z"],"attrs":[],"isMulticolor":false,"isMulticolor2":false,"tags":["refresh"],"grid":24},"attrs":[],"properties":{"ligatures":"refresh","id":603,"order":469,"prevSize":24,"code":59684,"name":"refresh"},"setIdx":0,"setId":3,"iconIdx":603},{"icon":{"paths":["M708 230l-196 196-196-196 60-60 136 136 136-136zM316 794l196-196 196 196-60 60-136-136-136 136z"],"attrs":[],"isMulticolor":false,"isMulticolor2":false,"tags":["unfold_less"],"grid":24},"attrs":[],"properties":{"ligatures":"unfold_less","id":604,"order":459,"prevSize":24,"code":59653,"name":"unfold_less"},"setIdx":0,"setId":3,"iconIdx":604},{"icon":{"paths":["M512 776l136-136 60 60-196 196-196-196 60-60zM512 248l-136 136-60-60 196-196 196 196-60 60z"],"attrs":[],"isMulticolor":false,"isMulticolor2":false,"tags":["unfold_more"],"grid":24},"attrs":[],"properties":{"ligatures":"unfold_more","id":605,"order":460,"prevSize":24,"code":59654,"name":"unfold_more"},"setIdx":0,"setId":3,"iconIdx":605},{"icon":{"paths":["M498 166l-346 346 346 346-76 76-422-422 422-422z"],"attrs":[],"isMulticolor":false,"isMulticolor2":false,"tags":["arrow_back_ios"],"grid":24},"attrs":[],"properties":{"ligatures":"arrow_back_ios","id":614,"order":449,"prevSize":24,"code":59649,"name":"arrow_back_ios"},"setIdx":0,"setId":3,"iconIdx":614},{"icon":{"paths":["M250 176l92-90 426 426-426 426-92-90 338-336z"],"attrs":[],"isMulticolor":false,"isMulticolor2":false,"tags":["arrow_forward_ios"],"grid":24},"attrs":[],"properties":{"ligatures":"arrow_forward_ios","id":615,"order":450,"prevSize":24,"code":59650,"name":"arrow_forward_ios"},"setIdx":0,"setId":3,"iconIdx":615},{"icon":{"paths":["M726 128q34 0 59 26t25 60v682l-298-128-298 128v-682q0-34 25-60t59-26h428z"],"attrs":[],"isMulticolor":false,"isMulticolor2":false,"tags":["bookmark","turned_in"],"grid":24},"attrs":[],"properties":{"ligatures":"bookmark, turned_in","id":726,"order":471,"prevSize":24,"code":59685,"name":"bookmark1"},"setIdx":0,"setId":3,"iconIdx":726},{"icon":{"paths":["M726 768v-554h-428v554l214-94zM726 128q34 0 59 26t25 60v682l-298-128-298 128v-682q0-34 25-60t59-26h428z"],"attrs":[],"isMulticolor":false,"isMulticolor2":false,"tags":["bookmark_outline","turned_in_not"],"grid":24},"attrs":[],"properties":{"ligatures":"bookmark_outline, turned_in_not","id":727,"order":472,"prevSize":24,"code":59687,"name":"bookmark_outline"},"setIdx":0,"setId":3,"iconIdx":727},{"icon":{"paths":["M426 726l384-384-60-62-324 324-152-152-60 60zM512 86q176 0 301 125t125 301-125 301-301 125-301-125-125-301 125-301 301-125z"],"attrs":[],"isMulticolor":false,"isMulticolor2":false,"tags":["check_circle"],"grid":24},"attrs":[],"properties":{"ligatures":"check_circle","id":732,"order":478,"prevSize":24,"code":59693,"name":"check_circle"},"setIdx":0,"setId":3,"iconIdx":732},{"icon":{"paths":["M384 692l452-454 60 60-512 512-238-238 58-60z"],"attrs":[],"isMulticolor":false,"isMulticolor2":false,"tags":["done"],"grid":24},"attrs":[],"properties":{"ligatures":"done","id":740,"order":455,"prevSize":24,"code":59655,"name":"done"},"setIdx":0,"setId":3,"iconIdx":740},{"icon":{"paths":["M18 572l60-60 238 238-60 60zM948 238l62 60-512 512-240-238 62-60 178 178zM768 298l-270 272-60-60 270-272z"],"attrs":[],"isMulticolor":false,"isMulticolor2":false,"tags":["done_all"],"grid":24},"attrs":[],"properties":{"ligatures":"done_all","id":741,"order":456,"prevSize":24,"code":59656,"name":"done_all"},"setIdx":0,"setId":3,"iconIdx":741},{"icon":{"paths":["M512 910l-62-56q-106-96-154-142t-107-114-81-123-22-113q0-98 67-166t167-68q116 0 192 90 76-90 192-90 100 0 167 68t67 166q0 78-52 162t-113 146-199 186z"],"attrs":[],"isMulticolor":false,"isMulticolor2":false,"tags":["favorite"],"grid":24},"attrs":[],"properties":{"ligatures":"favorite","id":746,"order":473,"prevSize":24,"code":59689,"name":"favorite"},"setIdx":0,"setId":3,"iconIdx":746},{"icon":{"paths":["M516 792q96-86 142-130t100-104 75-106 21-90q0-64-43-106t-107-42q-50 0-93 28t-59 72h-80q-16-44-59-72t-93-28q-64 0-107 42t-43 106q0 44 21 90t75 106 100 104 142 130l4 4zM704 128q100 0 167 68t67 166q0 58-22 113t-81 123-107 114-154 142l-62 56-62-54q-138-124-199-186t-113-146-52-162q0-98 67-166t167-68q116 0 192 90 76-90 192-90z"],"attrs":[],"isMulticolor":false,"isMulticolor2":false,"tags":["favorite_outline"],"grid":24},"attrs":[],"properties":{"ligatures":"favorite_outline","id":747,"order":474,"prevSize":24,"code":59690,"name":"favorite_outline"},"setIdx":0,"setId":3,"iconIdx":747},{"icon":{"paths":["M512 854q140 0 241-101t101-241-101-241-241-101-241 101-101 241 101 241 241 101zM512 86q176 0 301 125t125 301-125 301-301 125-301-125-125-301 125-301 301-125zM622 342l60 60-110 110 110 110-60 60-110-110-110 110-60-60 110-110-110-110 60-60 110 110z"],"attrs":[],"isMulticolor":false,"isMulticolor2":false,"tags":["highlight_remove"],"grid":24},"attrs":[],"properties":{"ligatures":"highlight_remove","id":754,"order":477,"prevSize":24,"code":59695,"name":"highlight_remove"},"setIdx":0,"setId":3,"iconIdx":754},{"icon":{"paths":["M554 384v-86h-84v86h84zM554 726v-256h-84v256h84zM512 86q176 0 301 125t125 301-125 301-301 125-301-125-125-301 125-301 301-125z"],"attrs":[],"isMulticolor":false,"isMulticolor2":false,"tags":["info"],"grid":24},"attrs":[],"properties":{"ligatures":"info","id":760,"order":458,"prevSize":24,"code":59659,"name":"info"},"setIdx":0,"setId":3,"iconIdx":760},{"icon":{"paths":["M470 384v-86h84v86h-84zM512 854q140 0 241-101t101-241-101-241-241-101-241 101-101 241 101 241 241 101zM512 86q176 0 301 125t125 301-125 301-301 125-301-125-125-301 125-301 301-125zM470 726v-256h84v256h-84z"],"attrs":[],"isMulticolor":false,"isMulticolor2":false,"tags":["info_outline"],"grid":24},"attrs":[],"properties":{"ligatures":"info_outline","id":761,"order":457,"prevSize":24,"code":59660,"name":"info_outline"},"setIdx":0,"setId":3,"iconIdx":761},{"icon":{"paths":["M406 598q80 0 136-56t56-136-56-136-136-56-136 56-56 136 56 136 136 56zM662 598l212 212-64 64-212-212v-34l-12-12q-76 66-180 66-116 0-197-80t-81-196 81-197 197-81 196 81 80 197q0 42-20 95t-46 85l12 12h34z"],"attrs":[],"isMulticolor":false,"isMulticolor2":false,"tags":["search"],"grid":24},"attrs":[],"properties":{"ligatures":"search","id":789,"order":470,"prevSize":24,"code":59692,"name":"search"},"setIdx":0,"setId":3,"iconIdx":789},{"icon":{"paths":["M896 384l-170 170v-128h-300v-84h300v-128zM298 470v128h300v84h-300v128l-170-170z"],"attrs":[],"isMulticolor":false,"isMulticolor2":false,"tags":["swap_horiz"],"grid":24},"attrs":[],"properties":{"ligatures":"swap_horiz","id":814,"order":453,"prevSize":24,"code":59662,"name":"swap_horiz"},"setIdx":0,"setId":3,"iconIdx":814},{"icon":{"paths":["M384 128l170 170h-128v300h-84v-300h-128zM682 726h128l-170 170-170-170h128v-300h84v300z"],"attrs":[],"isMulticolor":false,"isMulticolor2":false,"tags":["swap_vert"],"grid":24},"attrs":[],"properties":{"ligatures":"swap_vert","id":815,"order":454,"prevSize":24,"code":59664,"name":"swap_vert"},"setIdx":0,"setId":3,"iconIdx":815},{"icon":{"paths":["M938 512l-170 170v-128h-640v-84h640v-128z"],"attrs":[],"isMulticolor":false,"isMulticolor2":false,"tags":["trending_neutral"],"grid":24},"attrs":[],"properties":{"ligatures":"trending_neutral","id":829,"order":452,"prevSize":24,"code":59666,"name":"trending_neutral"},"setIdx":0,"setId":3,"iconIdx":829},{"icon":{"paths":["M117.58 878.26c-12.665-4.455-21.58-16.315-21.58-30.256 0-0.001 0-0.003 0-0.004l-0 0c0-146.2 29.36-263.12 87.3-347.54 70-102 180.42-156.92 328.7-163.74v-160.72c0.002-17.672 14.328-31.997 32-31.997 8.577 0 16.366 3.375 22.112 8.869l-0.012-0.011 352 336c6.103 5.837 9.897 14.046 9.897 23.14s-3.794 17.303-9.885 23.129l-0.012 0.011-352 336c-5.734 5.483-13.523 8.857-22.1 8.857-17.672 0-31.998-14.325-32-31.997l-0-0v-159.54c-90 2.72-158 17.3-212.14 45.28-58.5 30.24-100.92 75.42-146.64 134-5.911 7.519-15.007 12.304-25.22 12.304-3.732 0-7.314-0.639-10.644-1.813l0.224 0.069z"],"attrs":[{}],"isMulticolor":false,"isMulticolor2":false,"grid":0,"tags":["arrow-redo"]},"attrs":[{}],"properties":{"order":334,"id":224,"name":"arrow-redo","prevSize":32,"code":59657},"setIdx":1,"setId":2,"iconIdx":11},{"icon":{"paths":["M896 880c-0.001 0-0.002 0-0.003 0-10.212 0-19.306-4.783-25.165-12.231l-0.052-0.069c-45.72-58.54-88.14-103.72-146.64-134-54.14-27.94-122.14-42.52-212.14-45.24v159.54c-0.056 17.631-14.361 31.902-32 31.902-8.529 0-16.278-3.337-22.014-8.776l0.014 0.013-352-336c-6.103-5.837-9.897-14.046-9.897-23.14s3.794-17.303 9.885-23.129l0.012-0.011 352-336c5.722-5.426 13.471-8.762 22-8.762 17.639 0 31.944 14.271 32 31.897l0 0.005v160.72c148.28 6.82 258.76 61.82 328.7 163.74 57.94 84.42 87.3 201.34 87.3 347.54 0 17.673-14.327 32-32 32v0z"],"attrs":[{}],"isMulticolor":false,"isMulticolor2":false,"grid":0,"tags":["arrow-undo"]},"attrs":[{}],"properties":{"order":333,"id":223,"name":"arrow-undo","prevSize":32,"code":59658},"setIdx":1,"setId":2,"iconIdx":12},{"icon":{"paths":["M800 960c-0.028 0-0.061 0-0.094 0-8.132 0-15.555-3.033-21.2-8.030l0.034 0.029-266.74-237.18-266.74 237.18c-5.625 5.017-13.084 8.083-21.26 8.083-17.673 0-32-14.327-32-32 0-0.029 0-0.059 0-0.088l-0 0.004v-736c0.080-70.66 57.34-127.92 127.993-128l384.007-0c70.66 0.080 127.92 57.34 128 127.993l0 0.007v736c0 17.673-14.327 32-32 32v0z"],"attrs":[{}],"isMulticolor":false,"isMulticolor2":false,"grid":0,"tags":["bookmark"]},"attrs":[{}],"properties":{"order":341,"id":215,"name":"bookmark","prevSize":32,"code":59661},"setIdx":1,"setId":2,"iconIdx":20},{"icon":{"paths":["M800 0h-448c-59.32 0.051-109.207 40.376-123.797 95.105l-0.203 0.895h456c81.738 0 148 66.262 148 148v0 609.78l44 35.2c5.426 4.373 12.403 7.019 19.999 7.019 7.014 0 13.5-2.256 18.774-6.083l-0.093 0.064c8.12-6.045 13.323-15.615 13.323-26.401 0-0.154-0.001-0.308-0.003-0.462l0 0.023v-735.14c0-70.692-57.308-128-128-128v0z","M640 160h-416c-70.692 0-128 57.308-128 128v0 703.24c-0.002 0.148-0.004 0.323-0.004 0.498 0 10.719 5.154 20.233 13.119 26.201l0.085 0.061c5.205 3.816 11.736 6.107 18.803 6.107 7.877 0 15.089-2.846 20.664-7.566l-0.047 0.039 283.38-238.74 283.38 238.64c5.529 4.682 12.741 7.528 20.618 7.528 6.971 0 13.421-2.229 18.677-6.013l-0.095 0.065c8.177-6.037 13.423-15.638 13.423-26.464 0-0.146-0.001-0.292-0.003-0.438l0 0.022v-703.18c0-70.692-57.308-128-128-128v0z"],"attrs":[{},{}],"isMulticolor":false,"isMulticolor2":false,"grid":0,"tags":["bookmarks"]},"attrs":[{},{}],"properties":{"order":343,"id":213,"name":"bookmarks","prevSize":32,"code":59663},"setIdx":1,"setId":2,"iconIdx":22},{"icon":{"paths":["M64 752c0 61.856 50.144 112 112 112v0h672c61.856 0 112-50.144 112-112v0-308h-896zM196 600c0-33.137 26.863-60 60-60v0h96c33.137 0 60 26.863 60 60v0 40c0 33.137-26.863 60-60 60v0h-96c-33.137 0-60-26.863-60-60v0z","M848 160h-672c-61.856 0-112 50.144-112 112v0 52h896v-52c0-61.856-50.144-112-112-112v0z"],"attrs":[{},{}],"isMulticolor":false,"isMulticolor2":false,"grid":0,"tags":["card"]},"attrs":[{},{}],"properties":{"order":337,"id":205,"name":"card","prevSize":32,"code":59665},"setIdx":1,"setId":2,"iconIdx":30},{"icon":{"paths":["M643.88 196l-326.24 279.56c-10.285 8.855-16.757 21.892-16.757 36.44s6.472 27.585 16.694 36.387l0.063 0.053 326.24 279.56c31.14 26.68 79.24 4.56 79.24-36.44v-559.2c0-41-48.1-63.12-79.24-36.36z"],"attrs":[{}],"isMulticolor":false,"isMulticolor2":false,"grid":0,"tags":["caret-back"]},"attrs":[{}],"properties":{"order":405,"id":203,"name":"caret-back","prevSize":32,"code":59667},"setIdx":1,"setId":2,"iconIdx":32},{"icon":{"paths":["M96 512c0 229.74 186.26 416 416 416s416-186.26 416-416-186.26-416-416-416-416 186.26-416 416zM600 363.72v296.56c-0.014 17.663-14.336 31.975-32 31.975-7.805 0-14.957-2.794-20.511-7.436l0.051 0.041-178.18-148.26c-7.070-5.911-11.534-14.734-11.534-24.6s4.465-18.689 11.484-24.559l0.050-0.041 178.18-148.26c5.503-4.601 12.655-7.395 20.46-7.395 17.664 0 31.986 14.313 32 31.974l0 0.001z"],"attrs":[{}],"isMulticolor":false,"isMulticolor2":false,"grid":0,"tags":["caret-back-circle"]},"attrs":[{}],"properties":{"order":406,"id":202,"name":"caret-back-circle","prevSize":32,"code":59668},"setIdx":1,"setId":2,"iconIdx":33},{"icon":{"paths":["M196 380.12l279.56 326.24c8.855 10.285 21.892 16.757 36.44 16.757s27.585-6.472 36.387-16.694l0.053-0.063 279.56-326.24c26.68-31.14 4.56-79.24-36.44-79.24h-559.2c-41 0-63.12 48.1-36.36 79.24z"],"attrs":[{}],"isMulticolor":false,"isMulticolor2":false,"grid":0,"tags":["caret-down"]},"attrs":[{}],"properties":{"order":408,"id":200,"name":"caret-down","prevSize":32,"code":59670},"setIdx":1,"setId":2,"iconIdx":35},{"icon":{"paths":["M928 512c0-229.74-186.26-416-416-416s-416 186.26-416 416 186.26 416 416 416 416-186.26 416-416zM684.86 476.46l-148.26 178.18c-5.911 7.070-14.734 11.534-24.6 11.534s-18.689-4.465-24.559-11.484l-0.041-0.050-148.26-178.18c-4.601-5.503-7.395-12.655-7.395-20.46 0-17.664 14.313-31.986 31.974-32l296.561-0c17.663 0.014 31.975 14.336 31.975 32 0 7.805-2.794 14.957-7.436 20.511l0.041-0.051z"],"attrs":[{}],"isMulticolor":false,"isMulticolor2":false,"grid":0,"tags":["caret-down-circle"]},"attrs":[{}],"properties":{"order":409,"id":199,"name":"caret-down-circle","prevSize":32,"code":59671},"setIdx":1,"setId":2,"iconIdx":36},{"icon":{"paths":["M380.12 828l326.24-279.56c10.285-8.855 16.757-21.892 16.757-36.44s-6.472-27.585-16.694-36.387l-0.063-0.053-326.24-279.56c-31.14-26.68-79.24-4.56-79.24 36.44v559.2c0 41 48.1 63.12 79.24 36.36z"],"attrs":[{}],"isMulticolor":false,"isMulticolor2":false,"grid":0,"tags":["caret-forward"]},"attrs":[{}],"properties":{"order":411,"id":197,"name":"caret-forward","prevSize":32,"code":59673},"setIdx":1,"setId":2,"iconIdx":38},{"icon":{"paths":["M928 512c0-229.74-186.26-416-416-416s-416 186.26-416 416 186.26 416 416 416 416-186.26 416-416zM424 660.28v-296.56c0.014-17.663 14.336-31.975 32-31.975 7.805 0 14.957 2.794 20.511 7.436l-0.051-0.041 178.18 148.26c7.070 5.911 11.534 14.734 11.534 24.6s-4.465 18.689-11.484 24.559l-0.050 0.041-178.18 148.26c-5.503 4.601-12.655 7.395-20.46 7.395-17.664 0-31.986-14.313-32-31.974l-0-0.001z"],"attrs":[{}],"isMulticolor":false,"isMulticolor2":false,"grid":0,"tags":["caret-forward-circle"]},"attrs":[{}],"properties":{"order":412,"id":196,"name":"caret-forward-circle","prevSize":32,"code":59674},"setIdx":1,"setId":2,"iconIdx":39},{"icon":{"paths":["M828 643.88l-279.56-326.24c-8.855-10.285-21.892-16.757-36.44-16.757s-27.585 6.472-36.387 16.694l-0.053 0.063-279.56 326.24c-26.68 31.14-4.56 79.24 36.44 79.24h559.2c41 0 63.12-48.1 36.36-79.24z"],"attrs":[{}],"isMulticolor":false,"isMulticolor2":false,"grid":0,"tags":["caret-up"]},"attrs":[{}],"properties":{"order":414,"id":194,"name":"caret-up","prevSize":32,"code":59676},"setIdx":1,"setId":2,"iconIdx":41},{"icon":{"paths":["M512 96c-229.74 0-416 186.26-416 416s186.26 416 416 416 416-186.26 416-416-186.26-416-416-416zM660.28 600h-296.56c-17.663-0.014-31.975-14.336-31.975-32 0-7.805 2.794-14.957 7.436-20.511l-0.041 0.051 148.26-178.18c5.911-7.070 14.734-11.534 24.6-11.534s18.689 4.465 24.559 11.484l0.041 0.050 148.26 178.18c4.601 5.503 7.395 12.655 7.395 20.46 0 17.664-14.313 31.986-31.974 32l-0.001 0z"],"attrs":[{}],"isMulticolor":false,"isMulticolor2":false,"grid":0,"tags":["caret-up-circle"]},"attrs":[{}],"properties":{"order":415,"id":193,"name":"caret-up-circle","prevSize":32,"code":59677},"setIdx":1,"setId":2,"iconIdx":42},{"icon":{"paths":["M416 832c0 35.346-28.654 64-64 64s-64-28.654-64-64c0-35.346 28.654-64 64-64s64 28.654 64 64z","M864 832c0 35.346-28.654 64-64 64s-64-28.654-64-64c0-35.346 28.654-64 64-64s64 28.654 64 64z","M913.6 241.56c-8.84-10.754-22.144-17.56-37.038-17.56-0.029 0-0.058 0-0.087 0l0.005-0h-608.7l-12.26-69.56c-2.74-15.122-15.805-26.44-31.513-26.44-0.002 0-0.005 0-0.007 0l-128-0c-17.673 0-32 14.327-32 32s14.327 32 32 32v0h101.16l91.32 517.56c2.74 15.122 15.805 26.44 31.513 26.44 0.002 0 0.005-0 0.007-0l512 0c17.673 0 32-14.327 32-32s-14.327-32-32-32v0h-485.16l-11.28-64h483.32c23.178-0.030 42.515-16.436 47.066-38.267l0.054-0.313 57.6-288c0.588-2.818 0.924-6.057 0.924-9.374 0-11.614-4.125-22.264-10.989-30.567l0.065 0.081z"],"attrs":[{},{},{}],"isMulticolor":false,"isMulticolor2":false,"grid":0,"tags":["cart"]},"attrs":[{},{},{}],"properties":{"order":335,"id":191,"name":"cart","prevSize":32,"code":59679},"setIdx":1,"setId":2,"iconIdx":44},{"icon":{"paths":["M816 96h-608c-79.492 0.091-143.909 64.508-144 143.991l-0 0.009v384c0.091 79.492 64.508 143.909 143.991 144l48.009 0v128c-0 0.003-0 0.006-0 0.009 0 17.673 14.327 32 32 32 7.823 0 14.99-2.807 20.55-7.469l-0.050 0.041 182.98-152.58h324.52c79.492-0.091 143.909-64.508 144-143.991l0-0.009v-384c-0.091-79.492-64.508-143.909-143.991-144l-0.009-0zM320 496c-35.346 0-64-28.654-64-64s28.654-64 64-64c35.346 0 64 28.654 64 64v0c0 35.346-28.654 64-64 64v0zM512 496c-35.346 0-64-28.654-64-64s28.654-64 64-64c35.346 0 64 28.654 64 64v0c0 35.346-28.654 64-64 64v0zM704 496c-35.346 0-64-28.654-64-64s28.654-64 64-64c35.346 0 64 28.654 64 64v0c0 35.346-28.654 64-64 64v0z"],"attrs":[{}],"isMulticolor":false,"isMulticolor2":false,"grid":0,"tags":["chatbox-ellipses"]},"attrs":[{}],"properties":{"order":401,"id":188,"name":"chatbox-ellipses","prevSize":32,"code":59681},"setIdx":1,"setId":2,"iconIdx":47},{"icon":{"paths":["M796 163.68c-77.101-62.101-176.23-99.68-284.135-99.68-0.079 0-0.158 0-0.237 0l0.012-0c-121.84 0-235.64 46.94-320.72 132.18-82.22 82.48-127.28 191.38-126.92 306.56 0.003 88.441 26.624 170.663 72.288 239.094l-0.988-1.574 0.38 0.54c0.56 0.82 1.14 1.64 1.72 2.44s1.3 1.84 1.46 2.1l0.44 0.8c2.26 4 4 8.88 2.46 13.8l-36.84 133.32c-1.402 4.541-2.27 9.774-2.399 15.19l-0.001 0.070c-0 0.030-0 0.065-0 0.101 0 28.292 22.867 51.243 51.127 51.379l0.013 0c7.601-0.258 14.747-1.918 21.283-4.726l-0.383 0.146 136.68-49.38c3.372-1.455 7.298-2.301 11.421-2.301 0.063 0 0.126 0 0.189 0.001l-0.010-0c3.864 0.010 7.554 0.743 10.946 2.071l-0.206-0.071c3.24 1.26 32.66 12.52 63.7 21.2 25.8 7.2 79.48 18 121.54 18 119.3 0 230.7-46.2 313.66-130.12 82.24-83.28 127.52-193.98 127.52-311.84 0-0.045 0-0.098 0-0.151 0-31.829-3.482-62.844-10.087-92.685l0.527 2.836c-20.68-97.24-75.52-185.8-154.44-249.3zM174.96 760v0zM320 576c-35.346 0-64-28.654-64-64s28.654-64 64-64c35.346 0 64 28.654 64 64v0c0 35.346-28.654 64-64 64v0zM512 576c-35.346 0-64-28.654-64-64s28.654-64 64-64c35.346 0 64 28.654 64 64v0c0 35.346-28.654 64-64 64v0zM704 576c-35.346 0-64-28.654-64-64s28.654-64 64-64c35.346 0 64 28.654 64 64v0c0 35.346-28.654 64-64 64v0z"],"attrs":[{}],"isMulticolor":false,"isMulticolor2":false,"grid":0,"tags":["chatbubble-ellipses"]},"attrs":[{}],"properties":{"order":403,"id":184,"name":"chatbubble-ellipses","prevSize":32,"code":59683},"setIdx":1,"setId":2,"iconIdx":51},{"icon":{"paths":["M512 96c-229.38 0-416 186.62-416 416s186.62 416 416 416 416-186.62 416-416-186.62-416-416-416zM728.5 372.58l-268.8 320c-5.803 6.878-14.374 11.262-23.973 11.42l-0.027 0h-0.54c-9.427-0.004-17.901-4.083-23.755-10.572l-0.025-0.028-115.2-128c-5.398-5.716-8.717-13.446-8.717-21.952 0-17.673 14.327-32 32-32 9.69 0 18.374 4.307 24.242 11.111l0.035 0.041 90.58 100.64 245.18-291.82c5.9-6.795 14.553-11.066 24.203-11.066 17.673 0 32 14.327 32 32 0 7.698-2.718 14.761-7.247 20.282l0.045-0.056z"],"attrs":[{}],"isMulticolor":false,"isMulticolor2":false,"grid":0,"tags":["checkmark-circle"]},"attrs":[{}],"properties":{"order":349,"id":178,"name":"checkmark-circle","prevSize":32,"code":59686},"setIdx":1,"setId":2,"iconIdx":57},{"icon":{"paths":["M517.8 96c-233.96-3.16-424.96 187.84-421.8 421.8 3.12 224.38 185.82 407.080 410.2 410.2 234 3.2 424.96-187.8 421.76-421.76-3.080-224.42-185.78-407.12-410.16-410.24zM484.22 480.94l103.1-118c5.897-6.724 14.506-10.945 24.1-10.945 17.676 0 32.005 14.329 32.005 32.005 0 8.082-2.995 15.464-7.937 21.096l0.031-0.036-103.1 118c-5.897 6.724-14.506 10.945-24.1 10.945-17.676 0-32.005-14.329-32.005-32.005 0-8.082 2.995-15.464 7.937-21.096l-0.031 0.036zM406.5 662.64c-5.79 5.786-13.787 9.365-22.62 9.365s-16.83-3.579-22.62-9.365l0 0-95.9-96c-5.786-5.791-9.364-13.787-9.364-22.62 0-17.675 14.329-32.004 32.004-32.004 8.843 0 16.847 3.586 22.64 9.383l96 96c5.745 5.783 9.295 13.752 9.295 22.55 0 8.868-3.607 16.893-9.434 22.689l-0.001 0.001zM760.1 405.060l-223.76 256c-5.663 6.464-13.826 10.617-22.965 10.938l-0.055 0.002h-1.080c-0.002 0-0.003 0-0.005 0-8.84 0-16.843-3.585-22.635-9.38l-95.88-96c-5.786-5.791-9.364-13.787-9.364-22.62 0-17.675 14.329-32.004 32.004-32.004 8.843 0 16.847 3.586 22.64 9.383l59.6 59.66c2.896 2.896 6.896 4.688 11.315 4.688 4.795 0 9.097-2.109 12.029-5.45l0.016-0.018 190-217.32c5.897-6.724 14.506-10.945 24.1-10.945 17.676 0 32.005 14.329 32.005 32.005 0 8.082-2.995 15.464-7.937 21.096l0.031-0.036z"],"attrs":[{}],"isMulticolor":false,"isMulticolor2":false,"grid":0,"tags":["checkmark-done-circle"]},"attrs":[{}],"properties":{"order":351,"id":176,"name":"checkmark-done-circle","prevSize":32,"code":59688},"setIdx":1,"setId":2,"iconIdx":59},{"icon":{"paths":["M512 96c-229.74 0-416 186.26-416 416s186.26 416 416 416 416-186.26 416-416-186.26-416-416-416zM582.62 681.38c6.14 5.842 9.959 14.075 9.959 23.199 0 17.673-14.327 32-32 32-9.125 0-17.357-3.819-23.187-9.946l-0.013-0.013-192-192c-5.786-5.79-9.365-13.787-9.365-22.62s3.579-16.83 9.365-22.62l192-192c5.727-5.449 13.492-8.801 22.041-8.801 17.673 0 32 14.327 32 32 0 8.548-3.352 16.314-8.813 22.054l0.013-0.013-169.36 169.38z"],"attrs":[{}],"isMulticolor":false,"isMulticolor2":false,"grid":0,"tags":["chevron-back-circle"]},"attrs":[{}],"properties":{"order":353,"id":173,"name":"chevron-back-circle","prevSize":32,"code":59691},"setIdx":1,"setId":2,"iconIdx":62},{"icon":{"paths":["M928 512c0-229.74-186.26-416-416-416s-416 186.26-416 416 186.26 416 416 416 416-186.26 416-416zM726.62 454.62l-192 192c-5.79 5.786-13.787 9.365-22.62 9.365s-16.83-3.579-22.62-9.365l-192-192c-5.449-5.727-8.801-13.492-8.801-22.041 0-17.673 14.327-32 32-32 8.548 0 16.314 3.352 22.054 8.813l-0.013-0.013 169.38 169.36 169.38-169.36c5.727-5.449 13.492-8.801 22.041-8.801 17.673 0 32 14.327 32 32 0 8.548-3.352 16.314-8.813 22.054l0.013-0.013z"],"attrs":[{}],"isMulticolor":false,"isMulticolor2":false,"grid":0,"tags":["chevron-down-circle"]},"attrs":[{}],"properties":{"order":355,"id":170,"name":"chevron-down-circle","prevSize":32,"code":59694},"setIdx":1,"setId":2,"iconIdx":65},{"icon":{"paths":["M96 512c0 229.74 186.26 416 416 416s416-186.26 416-416-186.26-416-416-416-416 186.26-416 416zM610.74 512l-169.36-169.38c-5.449-5.727-8.801-13.492-8.801-22.041 0-17.673 14.327-32 32-32 8.548 0 16.314 3.352 22.054 8.813l-0.013-0.013 192 192c5.786 5.79 9.365 13.787 9.365 22.62s-3.579 16.83-9.365 22.62l-192 192c-5.727 5.449-13.492 8.801-22.041 8.801-17.673 0-32-14.327-32-32 0-8.548 3.352-16.314 8.813-22.054l-0.013 0.013z"],"attrs":[{}],"isMulticolor":false,"isMulticolor2":false,"grid":0,"tags":["chevron-forward-circle"]},"attrs":[{}],"properties":{"order":357,"id":167,"name":"chevron-forward-circle","prevSize":32,"code":59697},"setIdx":1,"setId":2,"iconIdx":68},{"icon":{"paths":["M512 96c-229.74 0-416 186.26-416 416s186.26 416 416 416 416-186.26 416-416-186.26-416-416-416zM726.62 614.62c-5.79 5.786-13.787 9.365-22.62 9.365s-16.83-3.579-22.62-9.365l-169.38-169.36-169.38 169.36c-5.727 5.449-13.492 8.801-22.041 8.801-17.673 0-32-14.327-32-32 0-8.548 3.352-16.314 8.813-22.054l-0.013 0.013 192-192c5.79-5.786 13.787-9.365 22.62-9.365s16.83 3.579 22.62 9.365l192 192c5.786 5.79 9.365 13.787 9.365 22.62s-3.579 16.83-9.365 22.62l0-0z"],"attrs":[{}],"isMulticolor":false,"isMulticolor2":false,"grid":0,"tags":["chevron-up-circle"]},"attrs":[{}],"properties":{"order":359,"id":164,"name":"chevron-up-circle","prevSize":32,"code":59700},"setIdx":1,"setId":2,"iconIdx":71},{"icon":{"paths":["M579.88 512l190-190c8.712-8.697 14.101-20.719 14.101-34 0-26.532-21.509-48.041-48.041-48.041-13.251 0-25.249 5.365-33.941 14.042l0.001-0.001-190 190-190-190c-8.701-8.701-20.722-14.083-34-14.083-26.556 0-48.083 21.528-48.083 48.083 0 13.278 5.382 25.299 14.083 34l190 190-190 190c-8.701 8.701-14.083 20.722-14.083 34 0 26.556 21.528 48.083 48.083 48.083 13.278 0 25.299-5.382 34-14.083l190-190 190 190c8.701 8.701 20.722 14.083 34 14.083 26.556 0 48.083-21.528 48.083-48.083 0-13.278-5.382-25.299-14.083-34l0 0z"],"attrs":[{}],"isMulticolor":false,"isMulticolor2":false,"grid":0,"tags":["close"]},"attrs":[{}],"properties":{"order":361,"id":162,"name":"close","prevSize":32,"code":59702},"setIdx":1,"setId":2,"iconIdx":73},{"icon":{"paths":["M512 96c-229.38 0-416 186.62-416 416s186.62 416 416 416 416-186.62 416-416-186.62-416-416-416zM662.62 617.38c6.14 5.842 9.959 14.075 9.959 23.199 0 17.673-14.327 32-32 32-9.125 0-17.357-3.819-23.187-9.946l-0.013-0.013-105.38-105.36-105.38 105.36c-5.727 5.449-13.492 8.801-22.041 8.801-17.673 0-32-14.327-32-32 0-8.548 3.352-16.314 8.813-22.054l-0.013 0.013 105.36-105.38-105.36-105.38c-5.449-5.727-8.801-13.492-8.801-22.041 0-17.673 14.327-32 32-32 8.548 0 16.314 3.352 22.054 8.813l-0.013-0.013 105.38 105.36 105.38-105.36c5.727-5.449 13.492-8.801 22.041-8.801 17.673 0 32 14.327 32 32 0 8.548-3.352 16.314-8.813 22.054l0.013-0.013-105.36 105.38z"],"attrs":[{}],"isMulticolor":false,"isMulticolor2":false,"grid":0,"tags":["close-circle"]},"attrs":[{}],"properties":{"order":362,"id":161,"name":"close-circle","prevSize":32,"code":59703},"setIdx":1,"setId":2,"iconIdx":74},{"icon":{"paths":["M816 960h-448c-79.529 0-144-64.471-144-144v0-448c0-79.529 64.471-144 144-144v0h448c79.529 0 144 64.471 144 144v0 448c0 79.529-64.471 144-144 144v0z","M320 160h471.76c-20.425-56.363-73.462-95.922-135.75-96l-448.010-0c-79.529 0-144 64.471-144 144v0 448c0.078 62.298 39.637 115.335 94.996 135.441l1.004 0.319v-471.76c0-88.366 71.634-160 160-160v0z"],"attrs":[{},{}],"isMulticolor":false,"isMulticolor2":false,"grid":0,"tags":["copy"]},"attrs":[{},{}],"properties":{"order":365,"id":158,"name":"copy","prevSize":32,"code":59706},"setIdx":1,"setId":2,"iconIdx":77},{"icon":{"paths":["M640 512c0 70.692-57.308 128-128 128s-128-57.308-128-128c0-70.692 57.308-128 128-128s128 57.308 128 128z","M981.68 477.2c-52.92-81.84-121.58-151.36-198.54-201.060-85.14-55.040-179.14-84.14-271.82-84.14-85.040 0-168.66 24.3-248.54 72.22-81.46 48.86-155.26 120.24-219.36 212.14-7.17 10.179-11.46 22.836-11.46 36.495 0 12.851 3.797 24.814 10.33 34.831l-0.15-0.245c52.82 82.66 120.8 152.28 196.56 201.3 85.3 55.26 177.1 83.26 272.62 83.26 93.42 0 187.62-28.86 272.4-83.44 76.92-49.54 145.44-119.32 198.16-201.84 6.327-9.793 10.087-21.76 10.087-34.604 0-12.975-3.837-25.053-10.438-35.163l0.151 0.247zM512 704c-106.039 0-192-85.961-192-192s85.961-192 192-192c106.039 0 192 85.961 192 192v0c-0.125 105.988-86.012 191.875-191.988 192l-0.012 0z"],"attrs":[{},{}],"isMulticolor":false,"isMulticolor2":false,"grid":0,"tags":["eye"]},"attrs":[{},{}],"properties":{"order":296,"id":140,"name":"eye","prevSize":32,"code":59708},"setIdx":1,"setId":2,"iconIdx":95},{"icon":{"paths":["M864 896c-0.015 0-0.033 0-0.052 0-8.819 0-16.801-3.586-22.567-9.379l-0.001-0.001-704-704c-5.449-5.727-8.801-13.492-8.801-22.041 0-17.673 14.327-32 32-32 8.548 0 16.314 3.352 22.054 8.813l-0.013-0.013 704 704c5.786 5.79 9.365 13.787 9.365 22.62 0 17.668-14.318 31.992-31.984 32l-0.001 0z","M496 631.7l-103.58-103.58c-0.723-0.717-1.718-1.16-2.817-1.16-2.209 0-4 1.791-4 4 0 0.19 0.013 0.378 0.039 0.561l-0.002-0.021c8.821 55.169 51.811 98.159 106.247 106.883l0.733 0.097c0.162 0.023 0.349 0.037 0.54 0.037 2.209 0 4-1.791 4-4 0-1.099-0.443-2.094-1.16-2.817l0 0z","M528 392.3l103.74 103.7c0.725 0.731 1.73 1.183 2.84 1.183 2.209 0 4-1.791 4-4 0-0.199-0.014-0.394-0.042-0.585l0.003 0.022c-8.799-55.246-51.853-98.301-106.369-107.004l-0.731-0.096c-0.183-0.030-0.395-0.047-0.61-0.047-2.209 0-4 1.791-4 4 0 1.104 0.447 2.103 1.17 2.827l-0-0z","M982 546.72c6.327-9.793 10.087-21.76 10.087-34.604 0-12.975-3.837-25.053-10.438-35.163l0.151 0.247c-52.92-81.84-121.58-151.36-198.54-201.060-85.26-55.040-179.26-84.14-271.9-84.14-51.419 0.073-100.799 8.7-146.826 24.533l3.186-0.953c-3.208 1.090-5.475 4.076-5.475 7.591 0 2.215 0.9 4.22 2.355 5.669l0 0 94.48 94.48c1.448 1.451 3.45 2.348 5.662 2.348 0.703 0 1.384-0.091 2.034-0.261l-0.056 0.012c13.651-3.469 29.323-5.459 45.459-5.459 106.039 0 192 85.961 192 192 0 16.136-1.991 31.808-5.74 46.782l0.281-1.323c-0.155 0.589-0.244 1.265-0.244 1.962 0 2.21 0.896 4.21 2.344 5.658l0 0 135.9 136c1.448 1.451 3.45 2.348 5.662 2.348 1.962 0 3.759-0.706 5.15-1.878l-0.012 0.010c51.908-44.426 96.42-95.4 132.838-152.069l1.642-2.731z","M512 704c-0.003 0-0.007 0-0.011 0-106.039 0-192-85.961-192-192 0-16.064 1.973-31.668 5.69-46.582l-0.279 1.322c0.155-0.589 0.244-1.265 0.244-1.962 0-2.21-0.896-4.21-2.344-5.658l-133.68-133.74c-1.448-1.45-3.449-2.346-5.66-2.346-1.972 0-3.777 0.713-5.171 1.896l0.012-0.010c-48.78 41.62-94 92.26-135.34 151.44-7.17 10.179-11.46 22.836-11.46 36.495 0 12.851 3.797 24.814 10.33 34.831l-0.15-0.245c52.82 82.66 120.78 152.28 196.56 201.3 85.38 55.26 177.1 83.26 272.62 83.26 51.965-0.144 101.909-8.585 148.646-24.066l-3.366 0.966c3.255-1.063 5.566-4.072 5.566-7.621 0-2.21-0.896-4.211-2.346-5.659l-94.94-94.92c-1.448-1.448-3.448-2.344-5.658-2.344-0.697 0-1.373 0.089-2.018 0.257l0.056-0.012c-13.579 3.431-29.167 5.4-45.216 5.4-0.030 0-0.059-0-0.089-0l0.005 0z"],"attrs":[{},{},{},{},{}],"isMulticolor":false,"isMulticolor2":false,"grid":0,"tags":["eye-off"]},"attrs":[{},{},{},{},{}],"properties":{"order":297,"id":139,"name":"eye-off","prevSize":32,"code":59709},"setIdx":1,"setId":2,"iconIdx":96},{"icon":{"paths":["M160 832c0 70.692 57.308 128 128 128v0h184c4.418 0 8-3.582 8-8v0-368c0-4.418-3.582-8-8-8v0h-296c-8.837 0-16 7.163-16 16v0z","M480 504v-216h64v216c0 4.418 3.582 8 8 8v0h280c11.471-0 22.472-2.016 32.667-5.711l-0.667 0.211c37.57-13.621 63.939-48.973 64-90.493l0-0.007v-32c0-53.019-42.981-96-96-96v0h-81.080c-2.182-0.036-3.936-1.813-3.936-3.999 0-0.737 0.199-1.427 0.546-2.019l-0.010 0.019c12.631-20.982 20.102-46.311 20.102-73.385 0-79.529-64.471-144-144-144-44.906 0-85.012 20.556-111.42 52.771l-0.202 0.254c-26.61-32.469-66.716-53.025-111.622-53.025-79.529 0-144 64.471-144 144 0 27.074 7.471 52.402 20.465 74.036l-0.363-0.652c0.337 0.574 0.536 1.264 0.536 2.001 0 2.187-1.755 3.964-3.933 3.999l-0.003 0h-81.080c-53.019 0-96 42.981-96 96v0 32c0.061 41.527 26.43 76.879 63.331 90.288l0.669 0.212c9.528 3.484 20.529 5.5 32 5.5l280 0c4.418 0 8-3.582 8-8v0zM544 208c0-44.183 35.817-80 80-80s80 35.817 80 80c0 44.183-35.817 80-80 80v0h-80zM394.28 128.2c1.712-0.13 3.707-0.205 5.72-0.205 44.183 0 80 35.817 80 80 0 0.002-0 0.003-0 0.005l0-0v80h-80c-44.094-0.117-79.795-35.889-79.795-80 0-42.098 32.516-76.601 73.803-79.764l0.272-0.017z","M552 960h184c70.692 0 128-57.308 128-128v0-240c0-8.837-7.163-16-16-16v0h-296c-4.418 0-8 3.582-8 8v0 368c0 4.418 3.582 8 8 8v0z"],"attrs":[{},{},{}],"isMulticolor":false,"isMulticolor2":false,"grid":0,"tags":["gift"]},"attrs":[{},{},{}],"properties":{"order":369,"id":128,"name":"gift","prevSize":32,"code":59712},"setIdx":1,"setId":2,"iconIdx":107},{"icon":{"paths":["M512 896c-13.449-0.018-25.923-4.181-36.215-11.28l0.215 0.14c-157.18-106.7-225.24-179.86-262.78-225.6-80-97.5-118.3-197.6-117.22-306 1.26-124.22 100.92-225.26 222.16-225.26 88.16 0 149.22 49.66 184.78 91.020 2.212 2.537 5.45 4.131 9.060 4.131s6.848-1.594 9.048-4.117l0.012-0.014c35.56-41.4 96.62-91.020 184.78-91.020 121.24 0 220.9 101.040 222.16 225.28 1.080 108.42-37.26 208.52-117.22 306-37.54 45.74-105.6 118.9-262.78 225.6-10.079 6.952-22.553 11.109-35.997 11.12l-0.003 0z"],"attrs":[{}],"isMulticolor":false,"isMulticolor2":false,"grid":0,"tags":["heart"]},"attrs":[{}],"properties":{"order":304,"id":126,"name":"heart","prevSize":32,"code":59714},"setIdx":1,"setId":2,"iconIdx":109},{"icon":{"paths":["M835.68 896c-0.002 0-0.003 0-0.005 0-8.87 0-16.897-3.609-22.693-9.439l-731.681-736.001c-5.75-5.784-9.304-13.757-9.304-22.56 0-17.675 14.329-32.004 32.004-32.004 8.872 0 16.902 3.61 22.698 9.442l0.002 0.002 731.66 736c5.751 5.784 9.305 13.757 9.305 22.56 0 17.668-14.319 31.992-31.985 32l-0.001 0z","M729.84 160c-88.18 0-149.22 49.64-184.78 91-2.212 2.537-5.45 4.131-9.060 4.131s-6.848-1.594-9.048-4.117l-0.012-0.014c-35.56-41.36-96.62-91-184.78-91-0.035-0-0.075-0-0.116-0-22.069 0-43.363 3.319-63.41 9.484l1.526-0.404 538.26 541.4c6-6.88 11.4-13.28 16.28-19.2 80-97.5 118.3-197.58 117.22-306-1.18-124.22-100.84-225.28-222.080-225.28z","M138 298.3c-11.092 25.657-17.68 55.507-17.999 86.859l-0.001 0.121c-1.080 108.42 37.26 208.5 117.22 306 37.54 45.74 105.6 118.9 262.78 225.6 10.073 6.971 22.55 11.136 36 11.136s25.927-4.165 36.213-11.275l-0.213 0.139c40.7-27.64 75.4-53 105.16-76.24z"],"attrs":[{},{},{}],"isMulticolor":false,"isMulticolor2":false,"grid":0,"tags":["heart-dislike"]},"attrs":[{},{},{}],"properties":{"order":305,"id":123,"name":"heart-dislike","prevSize":32,"code":59715},"setIdx":1,"setId":2,"iconIdx":112},{"icon":{"paths":["M512 128c-212 0-384 172-384 384s172 384 384 384 384-172 384-384-172-384-384-384zM500 736c-22.091 0-40-17.909-40-40s17.909-40 40-40c22.091 0 40 17.909 40 40v0c0 22.091-17.909 40-40 40v0zM566.88 532c-32.42 21.76-36.88 41.7-36.88 60 0 15.464-12.536 28-28 28s-28-12.536-28-28v0c0-43.82 20.16-78.66 61.64-106.52 38.56-25.88 60.36-42.28 60.36-78.34 0-24.52-14-43.14-42.98-56.92-6.82-3.24-22-6.4-40.68-6.18-23.44 0.3-41.64 5.9-55.66 17.18-26.44 21.28-28.68 44.44-28.68 44.78-0.74 14.89-12.993 26.683-28 26.683-15.482 0-28.033-12.551-28.033-28.033 0-0.475 0.012-0.947 0.035-1.416l-0.003 0.066c0.22-4.86 3.6-48.64 49.54-85.6 23.82-19.16 54.12-29.12 90-29.56 25.4-0.3 49.26 4 65.44 11.64 48.42 22.9 75.020 61.080 75.020 107.36 0 67.66-45.22 98.040-85.12 124.86z"],"attrs":[{}],"isMulticolor":false,"isMulticolor2":false,"grid":0,"tags":["help-circle"]},"attrs":[{}],"properties":{"order":372,"id":115,"name":"help-circle","prevSize":32,"code":59719},"setIdx":1,"setId":2,"iconIdx":120},{"icon":{"paths":["M832 128h-640c-70.66 0.080-127.92 57.34-128 127.993l-0 0.007v512c0.080 70.66 57.34 127.92 127.993 128l640.007 0c70.66-0.080 127.92-57.34 128-127.993l0-0.007v-512c-0.080-70.66-57.34-127.92-127.993-128l-0.007-0zM672 256c53.019 0 96 42.981 96 96s-42.981 96-96 96c-53.019 0-96-42.981-96-96v0c0.057-52.996 43.004-95.943 95.995-96l0.005-0zM192 832c-35.346 0-64-28.654-64-64v0-135.26l189.68-168.6c16.884-15.027 39.259-24.208 63.778-24.208 26.471 0 50.442 10.7 67.825 28.011l-0.003-0.003 129.9 129.62-234.44 234.44zM896 768c0 35.346-28.654 64-64 64v0h-396.74l242.84-242.84c16.541-14.135 38.181-22.735 61.829-22.735 23.474 0 44.969 8.475 61.591 22.531l-0.141-0.116 94.62 78.84z"],"attrs":[{}],"isMulticolor":false,"isMulticolor2":false,"grid":0,"tags":["image"]},"attrs":[{}],"properties":{"order":300,"id":106,"name":"image","prevSize":32,"code":59722},"setIdx":1,"setId":2,"iconIdx":129},{"icon":{"paths":["M900.58 224h-616.58c-68 0-124 55.020-124 122.66v490.68c0 67.64 56 122.66 124 122.66h616c68 0 124-52.36 124-120v-493.34c0-67.64-55.36-122.66-123.42-122.66zM746.28 346.68c50.569 0.318 91.44 41.385 91.44 91.998 0 50.81-41.19 92-92 92s-91.999-41.189-92-91.998l0 0c0.205-50.865 41.486-92.020 92.379-92.020 0.064 0 0.127 0 0.191 0l-0.010-0zM283.18 898.68c-34 0-59.72-27.5-59.72-61.32v-129.66l180.92-161.58c16.309-14.4 37.866-23.191 61.477-23.191 25.498 0 48.601 10.253 65.413 26.86l-0.009-0.009 125.28 124.22-226 224.66zM960 837.34c-0.011 33.869-27.47 61.32-61.34 61.32-0.028 0-0.056-0-0.084-0l0.004 0h-380.58l234.16-232.66c15.984-13.552 36.845-21.792 59.631-21.792 22.61 0 43.326 8.114 59.393 21.589l-0.143-0.117 88.96 75.5z","M768 64h-640c-70.692 0-128 57.308-128 128v0 512c0.051 59.32 40.376 109.207 95.105 123.797l0.895 0.203v-524c0-79.529 64.471-144 144-144v0h652c-14.793-55.625-64.681-95.95-123.994-96l-0.006-0z"],"attrs":[{},{}],"isMulticolor":false,"isMulticolor2":false,"grid":0,"tags":["images"]},"attrs":[{},{}],"properties":{"order":302,"id":104,"name":"images","prevSize":32,"code":59724},"setIdx":1,"setId":2,"iconIdx":131},{"icon":{"paths":["M512 112c-220.56 0-400 179.44-400 400s179.44 400 400 400 400-179.44 400-400-179.44-400-400-400zM512 276c28.719 0 52 23.281 52 52s-23.281 52-52 52c-28.719 0-52-23.281-52-52v0c0-28.719 23.281-52 52-52v0zM608 728h-176c-17.673 0-32-14.327-32-32s14.327-32 32-32v0h56v-176h-32c-17.673 0-32-14.327-32-32s14.327-32 32-32v0h64c17.673 0 32 14.327 32 32v0 208h56c17.673 0 32 14.327 32 32s-14.327 32-32 32v0z"],"attrs":[{}],"isMulticolor":false,"isMulticolor2":false,"grid":0,"tags":["information-circle"]},"attrs":[{}],"properties":{"order":376,"id":101,"name":"information-circle","prevSize":32,"code":59727},"setIdx":1,"setId":2,"iconIdx":134},{"icon":{"paths":["M576 384c0 35.346-28.654 64-64 64s-64-28.654-64-64c0-35.346 28.654-64 64-64s64 28.654 64 64z","M512 64c-176.44 0-320 137.3-320 306 0 80.34 36.62 187.18 108.84 317.56 58 104.68 125.1 199.34 160 246.44 11.688 15.82 30.269 25.967 51.22 25.967s39.532-10.146 51.098-25.794l0.122-0.173c34.84-47.1 102-141.76 160-246.44 72.1-130.34 108.72-237.18 108.72-317.56 0-168.7-143.56-306-320-306zM512 512c-70.692 0-128-57.308-128-128s57.308-128 128-128c70.692 0 128 57.308 128 128v0c-0.080 70.66-57.34 127.92-127.993 128l-0.007 0z"],"attrs":[{},{}],"isMulticolor":false,"isMulticolor2":false,"grid":0,"tags":["location"]},"attrs":[{},{}],"properties":{"order":310,"id":92,"name":"location","prevSize":32,"code":59732},"setIdx":1,"setId":2,"iconIdx":143},{"icon":{"paths":["M848 160h-672c-61.828 0.068-111.932 50.172-112 111.993l-0 0.007v480c0.068 61.828 50.172 111.932 111.993 112l672.007 0c61.828-0.068 111.932-50.172 112-111.993l0-0.007v-480c-0.068-61.828-50.172-111.932-111.993-112l-0.007-0zM819.64 345.26l-288 224c-5.363 4.201-12.205 6.736-19.64 6.736s-14.277-2.535-19.71-6.789l0.070 0.053-288-224c-7.758-5.903-12.716-15.141-12.716-25.536 0-17.673 14.327-32 32-32 7.594 0 14.57 2.645 20.057 7.064l-0.062-0.048 268.36 208.72 268.36-208.72c5.297-4.034 12.007-6.464 19.284-6.464 17.673 0 32 14.327 32 32 0 10.079-4.66 19.070-11.943 24.936l-0.062 0.048z"],"attrs":[{}],"isMulticolor":false,"isMulticolor2":false,"grid":0,"tags":["mail"]},"attrs":[{}],"properties":{"order":433,"id":82,"name":"mail","prevSize":32,"code":59734},"setIdx":1,"setId":2,"iconIdx":153},{"icon":{"paths":["M897.34 308.9l-349.14-172.5c-10.565-5.298-23.020-8.4-36.2-8.4s-25.635 3.102-36.676 8.615l0.476-0.215-349.14 172.5c-37.391 18.442-62.66 56.293-62.66 100.047 0 0.040 0 0.080 0 0.12l-0-0.006v369.22c0 61.76 50.84 112 113.34 112h669.32c62.5 0 113.34-50.24 113.34-112v-369.22c0-0.034 0-0.074 0-0.113 0-43.753-25.269-81.604-62.009-99.756l-0.651-0.291zM504.76 193.64c2.113-1.060 4.604-1.68 7.24-1.68s5.127 0.62 7.335 1.723l-0.095-0.043 338.76 167.32-344 170c-2.113 1.060-4.604 1.68-7.24 1.68s-5.127-0.62-7.335-1.723l0.095 0.043-338.82-167.34z"],"attrs":[{}],"isMulticolor":false,"isMulticolor2":false,"grid":0,"tags":["mail-open"]},"attrs":[{}],"properties":{"order":434,"id":81,"name":"mail-open","prevSize":32,"code":59735},"setIdx":1,"setId":2,"iconIdx":154},{"icon":{"paths":["M992 256.1c0-0.055 0-0.12 0-0.185 0-70.692-57.308-128-128-128-32.571 0-62.301 12.166-84.893 32.201l0.133-0.116c-9.884 8.748-18.317 18.83-25.096 30.024l-0.324 0.576v0.12c-1.080 1.8-2.1 3.64-3.1 5.48l-0.48 0.98c-0.84 1.58-1.62 3.18-2.38 4.8-0.24 0.5-0.46 1-0.68 1.5-0.66 1.46-1.3 2.94-1.9 4.44-0.26 0.62-0.5 1.24-0.74 1.86-0.54 1.4-1.060 2.8-1.56 4.22l-0.72 2.12c-0.44 1.36-0.86 2.74-1.26 4.12-0.24 0.78-0.46 1.54-0.66 2.32-0.38 1.34-0.7 2.7-1.020 4-0.2 0.82-0.4 1.64-0.58 2.46-0.28 1.36-0.54 2.74-0.78 4-0.16 0.84-0.32 1.68-0.46 2.52-0.22 1.4-0.4 2.82-0.58 4.24-0.1 0.82-0.22 1.64-0.32 2.48-0.16 1.54-0.26 3.080-0.38 4.64 0 0.72-0.12 1.44-0.16 2.16-0.12 2.28-0.2 4.56-0.2 6.88v0c0 2 0 4 0.16 5.88v1.28q0.16 2.82 0.42 5.64l0.12 0.96c0.18 1.7 0.38 3.38 0.64 5.040 0 0.34 0 0.7 0.14 1.040 0.28 1.82 0.62 3.62 0.98 5.42 0 0.44 0.18 0.86 0.26 1.3 0.36 1.72 0.76 3.44 1.2 5.14 0 0.14 0 0.26 0 0.38 0.46 1.78 0.96 3.52 1.5 5.26l0.42 1.36c0.54 1.7 1.1 3.36 1.7 5.020 0.12 0.36 0.26 0.72 0.4 1.080 0.54 1.42 1.1 2.84 1.68 4.24 0.16 0.42 0.32 0.82 0.5 1.22 0.68 1.58 1.38 3.16 2.12 4.72l0.66 1.34c0.7 1.4 1.4 2.8 2.14 4.18 10.695 19.616 25.679 35.67 43.771 47.313l0.509 0.307c4.285 2.791 9.282 5.559 14.474 7.979l0.766 0.321 0.78 0.36q5.32 2.4 10.86 4.32l1.9 0.64 3 0.94c0.9 0.28 1.8 0.52 2.72 0.78l3.84 1 3.46 0.8 2.3 0.46 3.66 0.66 1.88 0.3c1.8 0.26 3.62 0.5 5.44 0.7l1.54 0.14c1.46 0.12 2.94 0.24 4.42 0.32l1.72 0.1c2 0 3.88 0.16 5.84 0.16v0c2.32 0 4.6 0 6.88-0.2l2.16-0.16c1.56-0.12 3.1-0.22 4.64-0.38l2.5-0.32c1.4-0.18 2.82-0.36 4.22-0.58l2.52-0.46c1.36-0.24 2.74-0.5 4-0.78l2.46-0.58c1.36-0.32 2.72-0.64 4-1.020 0.78-0.2 1.54-0.42 2.32-0.66 1.38-0.4 2.76-0.82 4.12-1.26l2.12-0.72c1.42-0.5 2.82-1.020 4.22-1.56l1.86-0.74c1.5-0.6 2.98-1.24 4.44-1.9l1.5-0.68c1.62-0.76 3.22-1.54 4.8-2.38l0.98-0.48c1.84-1 3.68-2 5.48-3.1h0.12c11.88-7.057 22.054-15.461 30.772-25.197l0.108-0.123c19.866-22.394 32-52.040 32-84.52 0-0.049-0-0.098-0-0.147l0 0.008z","M742.76 405.060l-211.12 164.2c-5.363 4.201-12.205 6.736-19.64 6.736s-14.277-2.535-19.71-6.789l0.070 0.053-288-224c-7.758-5.903-12.716-15.141-12.716-25.536 0-17.673 14.327-32 32-32 7.594 0 14.57 2.645 20.057 7.064l-0.062-0.048 268.36 208.72 188.44-146.56c-17.977-28.655-28.641-63.485-28.641-100.806 0-35.39 9.589-68.54 26.31-96.994l-0.489 0.9h-521.62c-61.828 0.068-111.932 50.172-112 111.993l-0 0.007v480c0.068 61.828 50.172 111.932 111.993 112l672.007 0c61.828-0.068 111.932-50.172 112-111.993l0-0.007v-329.62c-27.552 16.231-60.699 25.819-96.085 25.819-46.111 0-88.42-16.28-121.492-43.407l0.337 0.268z"],"attrs":[{},{}],"isMulticolor":false,"isMulticolor2":false,"grid":0,"tags":["mail-unread"]},"attrs":[{},{}],"properties":{"order":437,"id":78,"name":"mail-unread","prevSize":32,"code":59738},"setIdx":1,"setId":2,"iconIdx":157},{"icon":{"paths":["M96.34 226.68c-19.456 11.226-32.34 31.919-32.34 55.621 0 0.063 0 0.126 0 0.189l-0-0.010v593.52c-0 0.061-0 0.134-0 0.207 0 35.346 28.654 64 64 64 10.978 0 21.311-2.764 30.34-7.635l-0.34 0.168c0.86-0.46 1.7-0.94 2.52-1.48l168.28-110.1c4.398-2.899 7.26-7.816 7.26-13.402 0-0.013-0-0.027-0-0.040l0 0.002v-714.82c0-0.013 0-0.029 0-0.045 0-8.837-7.163-16-16-16-3.369 0-6.495 1.041-9.074 2.82l0.054-0.035z","M424.72 78.62c-2.46-1.621-5.478-2.585-8.72-2.585-8.824 0-15.98 7.144-16 15.963l-0 0.002v715.12c-0 0.011-0 0.025-0 0.038 0 5.586 2.862 10.503 7.2 13.365l0.060 0.037 192 124.84c2.465 1.629 5.489 2.598 8.74 2.598 8.836 0 15.999-7.162 16-15.998l0-0v-714.66c0-0.013 0-0.029 0-0.045 0-5.594-2.871-10.518-7.22-13.378l-0.060-0.037z","M929.060 92.94c-9.403-5.842-20.813-9.306-33.032-9.306-10.976 0-21.3 2.795-30.298 7.711l0.33-0.165c-0.981 0.506-1.798 0.997-2.583 1.534l0.083-0.054-168.3 110c-4.398 2.899-7.26 7.816-7.26 13.402 0 0.013 0 0.027 0 0.040l-0-0.002v714.92c-0 0.017-0 0.038-0 0.059 0 8.837 7.163 16 16 16 3.378 0 6.511-1.047 9.093-2.833l-0.053 0.035 214.14-146.92c19.724-11.158 32.82-31.995 32.82-55.891 0-0.038-0-0.077-0-0.115l0 0.006v-592c0.003-0.228 0.004-0.496 0.004-0.766 0-23.38-12.246-43.899-30.673-55.495l-0.272-0.16z"],"attrs":[{},{},{}],"isMulticolor":false,"isMulticolor2":false,"grid":0,"tags":["map"]},"attrs":[{},{},{}],"properties":{"order":311,"id":74,"name":"map","prevSize":32,"code":59740},"setIdx":1,"setId":2,"iconIdx":161},{"icon":{"paths":["M96 352v1.32c-0.051 8.607-3.222 16.463-8.438 22.505l0.038-0.045v0.1c-10.8 12.76-23.6 35.6-23.6 72.12 0 33.1 10.6 56.46 23.36 71.82 5.378 6.507 8.64 14.935 8.64 24.125 0 0.019-0 0.039-0 0.058l0-0.003c0 35.346 28.654 64 64 64v0h16c8.837 0 16-7.163 16-16v0-288c0-8.837-7.163-16-16-16v0h-16c-35.346 0-64 28.654-64 64v0z","M904.36 373.1l-1.86-0.34c-3.727-0.73-6.5-3.97-6.5-7.858 0-0.001 0-0.001 0-0.002l-0 0v-240.9c0-25.28-16.78-48-41.78-56.64-23.84-8.22-48.68-1.52-63.36 17.060-31.694 37.692-65.269 71.507-101.427 102.385l-1.193 0.995c-47.26 40-92.48 68.5-134 84.62-6.070 2.361-10.296 8.157-10.3 14.939l-0 0.001v310.64c0.011 13.102 7.894 24.359 19.174 29.3l0.206 0.080c38.68 16.58 80.48 43.66 124 80.56 37.619 32.149 71.437 66.272 102.269 102.986l1.091 1.334c9.691 12.083 24.453 19.754 41.007 19.754 0.42 0 0.838-0.005 1.255-0.015l-0.062 0.001c7.483-0.034 14.657-1.306 21.345-3.62l-0.465 0.14c25.66-8.52 42.24-30.42 42.24-55.72v-241.74c0.004-3.942 2.858-7.216 6.612-7.873l0.048-0.007 1.7-0.28c19.24-5.22 55.64-27.56 55.64-74.9s-36.4-69.68-55.64-74.9z","M480 640v-336c0-8.837-7.163-16-16-16v0h-192c-8.837 0-16 7.163-16 16v0 608c0 26.51 21.49 48 48 48v0h104.9c0.162 0.001 0.354 0.002 0.546 0.002 20.753 0 39.245-9.678 51.21-24.767l0.104-0.135c8.35-10.623 13.391-24.191 13.391-38.935 0-6.846-1.087-13.437-3.097-19.612l0.126 0.448c-3.24-10.36-7.26-22-11.54-34.38-15.82-45.8-36.68-74.14-42.24-138.64 34.737-0.784 62.597-29.128 62.6-63.98l0-0z"],"attrs":[{},{},{}],"isMulticolor":false,"isMulticolor2":false,"grid":0,"tags":["megaphone"]},"attrs":[{},{},{}],"properties":{"order":429,"id":72,"name":"megaphone","prevSize":32,"code":59742},"setIdx":1,"setId":2,"iconIdx":163},{"icon":{"paths":["M544 928c-0.003 0-0.007 0-0.011 0-17.673 0-32-14.327-32-32 0-0.295 0.004-0.59 0.012-0.883l-0.001 0.043v-366.9c0-8.837-7.163-16-16-16v0h-367.18c-0.115 0.001-0.25 0.002-0.386 0.002-13.952 0-25.858-8.759-30.519-21.078l-0.075-0.224c-1.158-3.174-1.827-6.838-1.827-10.659 0-12.83 7.551-23.897 18.451-28.999l0.196-0.083 768-352.3c3.912-1.837 8.496-2.908 13.33-2.908 17.673 0 32 14.327 32 32 0 4.818-1.065 9.387-2.972 13.486l0.082-0.197-352 768c-5.172 11.124-16.251 18.698-29.1 18.7l-0 0z"],"attrs":[{}],"isMulticolor":false,"isMulticolor2":false,"grid":0,"tags":["navigate"]},"attrs":[{}],"properties":{"order":425,"id":67,"name":"navigate","prevSize":32,"code":59744},"setIdx":1,"setId":2,"iconIdx":168},{"icon":{"paths":["M517.8 96c-233.96-3.16-424.96 187.84-421.8 421.8 3.12 224.38 185.82 407.080 410.2 410.2 234 3.2 424.96-187.8 421.76-421.76-3.080-224.42-185.78-407.12-410.16-410.24zM702 350.48l-164.48 373.040c-9.58 20.94-41.56 14-41.56-9.12v-178.4c0-4.418-3.582-8-8-8v0h-178.36c-23.040 0-30-31.74-9.14-41.34l373.060-164.66c2.639-1.248 5.733-1.977 8.997-1.977 11.852 0 21.46 9.608 21.46 21.46 0 3.264-0.729 6.358-2.033 9.128l0.055-0.131z"],"attrs":[{}],"isMulticolor":false,"isMulticolor2":false,"grid":0,"tags":["navigate-circle"]},"attrs":[{}],"properties":{"order":427,"id":66,"name":"navigate-circle","prevSize":32,"code":59745},"setIdx":1,"setId":2,"iconIdx":169},{"icon":{"paths":["M880.16 682.62c-3.32-4-6.58-8-9.78-11.86-44-53.22-70.62-85.34-70.62-236 0-78-18.66-142-55.44-190-27.12-35.46-63.78-62.36-112.1-82.24-0.638-0.359-1.181-0.806-1.633-1.332l-0.007-0.008c-17.38-58.2-64.94-97.18-118.58-97.18s-101.18 38.98-118.56 97.12c-0.459 0.513-0.993 0.946-1.589 1.284l-0.031 0.016c-112.76 46.42-167.56 135.48-167.56 272.28 0 150.72-26.58 182.84-70.62 236-3.2 3.86-6.46 7.78-9.78 11.86-10.073 12.081-16.189 27.769-16.189 44.886 0 11.035 2.542 21.477 7.072 30.771l-0.183-0.417c12.34 26 38.64 42.14 68.66 42.14h617.78c29.88 0 56-16.12 68.38-42 4.378-8.906 6.939-19.386 6.939-30.463 0-17.102-6.104-32.779-16.251-44.971l0.092 0.114z","M512 960c60.595-0.051 113.307-33.752 140.462-83.424l0.418-0.836c0.585-1.084 0.928-2.372 0.928-3.74 0-4.418-3.582-8-8-8-0.003 0-0.006 0-0.008 0l-267.56-0c-0.008-0-0.018-0-0.028-0-4.418 0-8 3.582-8 8 0 1.368 0.344 2.656 0.949 3.783l-0.021-0.043c27.57 50.502 80.273 84.202 140.852 84.26l0.008 0z"],"attrs":[{},{}],"isMulticolor":false,"isMulticolor2":false,"grid":0,"tags":["notifications"]},"attrs":[{},{}],"properties":{"order":314,"id":63,"name":"notifications","prevSize":32,"code":59748},"setIdx":1,"setId":2,"iconIdx":172},{"icon":{"paths":["M512 96c-229.38 0-416 186.62-416 416s186.62 416 416 416 416-186.62 416-416-186.62-416-416-416zM512 768c-41.8 0-75.040-17.72-79.5-55.16-0.028-0.252-0.044-0.544-0.044-0.84 0-4.418 3.582-8 8-8 0.016 0 0.031 0 0.047 0l-0.002-0h142.9c0.017-0 0.038-0 0.058-0 4.418 0 8 3.582 8 8 0 0.338-0.021 0.672-0.062 0.999l0.004-0.039c-5.1 36.74-38.040 55.040-79.4 55.040zM708 672h-392c-23.68 0-36-30-22.38-46 32.66-38.68 55.74-54.94 55.74-161.6 0-97.74 51.48-132.42 94-149.34 5.916-2.51 10.459-7.282 12.61-13.202l0.050-0.158c7.38-24.5 28.26-45.7 55.98-45.7s48.56 21.2 56 45.72c2.214 6.076 6.762 10.846 12.531 13.304l0.149 0.056c42.42 16.88 94 51.62 94 149.34 0 106.66 23.060 122.92 55.72 161.6 13.48 15.98 1.14 45.98-22.4 45.98z"],"attrs":[{}],"isMulticolor":false,"isMulticolor2":false,"grid":0,"tags":["notifications-circle"]},"attrs":[{}],"properties":{"order":421,"id":62,"name":"notifications-circle","prevSize":32,"code":59749},"setIdx":1,"setId":2,"iconIdx":173},{"icon":{"paths":["M896 928c-0.015 0-0.033 0-0.052 0-8.819 0-16.801-3.586-22.567-9.379l-0.001-0.001-768-768c-5.449-5.727-8.801-13.492-8.801-22.041 0-17.673 14.327-32 32-32 8.548 0 16.314 3.352 22.054 8.813l-0.013-0.013 768 768c5.786 5.79 9.365 13.787 9.365 22.62 0 17.668-14.318 31.992-31.984 32l-0.001 0z","M880.16 682.62c-3.32-4-6.58-8-9.78-11.86-44-53.22-70.62-85.34-70.62-236 0-78-18.66-142-55.44-190-27.12-35.46-63.78-62.36-112.1-82.24-0.638-0.359-1.181-0.806-1.633-1.332l-0.007-0.008c-17.38-58.2-64.94-97.18-118.58-97.18s-101.18 38.98-118.56 97.12c-0.459 0.513-0.993 0.946-1.589 1.284l-0.031 0.016c-17.056 7.025-31.443 14.398-45.14 22.786l1.38-0.786c-4.631 2.858-7.671 7.905-7.671 13.661 0 4.421 1.793 8.423 4.691 11.319l523.56 523.48c2.896 2.899 6.898 4.692 11.32 4.692 8.837 0 16-7.163 16-16 0-0.688-0.043-1.366-0.128-2.031l0.008 0.079c-1.656-14.221-7.303-26.882-15.775-37.118l0.095 0.118z","M224.28 434.7c0 150.72-26.58 182.84-70.62 236-3.2 3.86-6.46 7.78-9.78 11.86-10.073 12.081-16.189 27.769-16.189 44.886 0 11.035 2.542 21.477 7.072 30.771l-0.183-0.417c12.34 26 38.64 42.14 68.66 42.14h422.36c0.004 0 0.008 0 0.013 0 8.837 0 16-7.163 16-16 0-4.421-1.793-8.424-4.692-11.32l-0-0-384-384c-2.894-2.885-6.886-4.668-11.296-4.668-8.368 0-15.235 6.424-15.94 14.608l-0.004 0.060q-1.4 17.38-1.4 36.080z","M512 960c60.595-0.051 113.307-33.752 140.462-83.424l0.418-0.836c0.585-1.084 0.928-2.372 0.928-3.74 0-4.418-3.582-8-8-8-0.003 0-0.006 0-0.008 0l-267.56-0c-0.008-0-0.018-0-0.028-0-4.418 0-8 3.582-8 8 0 1.368 0.344 2.656 0.949 3.783l-0.021-0.043c27.57 50.502 80.273 84.202 140.852 84.26l0.008 0z"],"attrs":[{},{},{},{}],"isMulticolor":false,"isMulticolor2":false,"grid":0,"tags":["notifications-off"]},"attrs":[{},{},{},{}],"properties":{"order":315,"id":60,"name":"notifications-off","prevSize":32,"code":59751},"setIdx":1,"setId":2,"iconIdx":175},{"icon":{"paths":["M512 96c-229.38 0-416 186.62-416 416s186.62 416 416 416 416-186.62 416-416-186.62-416-416-416zM293.66 626c32.66-38.68 55.72-54.94 55.72-161.6q0-7.5 0.4-14.52c0.137-4.311 3.665-7.753 7.996-7.753 2.387 0 4.531 1.046 5.996 2.704l0.007 0.009 196 213.74c1.3 1.418 2.097 3.316 2.097 5.4 0 4.41-3.569 7.987-7.976 8l-0.001 0h-237.9c-23.64 0.020-35.88-29.98-22.34-45.98zM591.52 712.82c-4.46 37.46-37.68 55.18-79.52 55.18s-75.020-17.72-79.5-55.16c-0.028-0.252-0.044-0.544-0.044-0.84 0-4.418 3.582-8 8-8 0.016 0 0.031 0 0.047 0l-0.002-0h143.060c0.001-0 0.003-0 0.004-0 4.418 0 8 3.582 8 8 0 0.296-0.016 0.588-0.047 0.876l0.003-0.036zM725.52 747.66c-5.661 5.158-13.221 8.317-21.52 8.317-9.373 0-17.805-4.030-23.657-10.451l-0.023-0.025-384-424c-5.004-5.621-8.062-13.072-8.062-21.236 0-17.673 14.327-32 32-32 9.239 0 17.563 3.915 23.405 10.177l0.017 0.019 384 424c5.164 5.662 8.327 13.227 8.327 21.531 0 9.378-4.034 17.813-10.461 23.666l-0.026 0.023zM722 646.42l-289.020-315.36c-1.314-1.421-2.119-3.328-2.119-5.424 0-3.23 1.914-6.012 4.669-7.276l0.050-0.020c2.62-1.16 5.22-2.24 7.78-3.26 5.91-2.51 10.448-7.283 12.59-13.202l0.050-0.158c7.44-24.52 28.3-45.72 56-45.72s48.58 21.2 56 45.72c2.203 6.083 6.755 10.856 12.531 13.304l0.149 0.056c42.42 16.88 94 51.62 94 149.34 0 106.66 23.080 122.92 55.74 161.6 3.259 3.923 5.308 8.953 5.519 14.455l0.001 0.045c0.013 0.169 0.020 0.365 0.020 0.563 0 4.418-3.582 8-8 8-2.364 0-4.489-1.025-5.953-2.656l-0.007-0.007z"],"attrs":[{}],"isMulticolor":false,"isMulticolor2":false,"grid":0,"tags":["notifications-off-circle"]},"attrs":[{}],"properties":{"order":423,"id":59,"name":"notifications-off-circle","prevSize":32,"code":59752},"setIdx":1,"setId":2,"iconIdx":176},{"icon":{"paths":["M448 608c-17.667-0.008-31.985-14.332-31.985-32 0-8.833 3.579-16.83 9.365-22.62l315.88-315.88c-15.358-8.499-33.673-13.5-53.156-13.5-0.037 0-0.073 0-0.11 0l-479.994-0c-61.828 0.068-111.932 50.172-112 111.993l-0 0.007v480c0.068 61.828 50.172 111.932 111.993 112l480.007 0c61.828-0.068 111.932-50.172 112-111.993l0-0.007v-480c0-0.031 0-0.067 0-0.104 0-19.483-5.002-37.798-13.791-53.731l0.291 0.575-315.88 315.88c-5.767 5.794-13.749 9.38-22.568 9.38-0.018 0-0.036-0-0.054-0l0.003 0z","M896 96h-224c-17.673 0-32 14.327-32 32s14.327 32 32 32v0h146.74l-77.48 77.5c19.231 10.586 34.654 26.009 44.946 44.659l0.294 0.581 77.5-77.48v146.74c0 17.673 14.327 32 32 32s32-14.327 32-32v0-224c0-17.673-14.327-32-32-32v0z"],"attrs":[{},{}],"isMulticolor":false,"isMulticolor2":false,"grid":0,"tags":["open"]},"attrs":[{},{}],"properties":{"order":431,"id":55,"name":"open","prevSize":32,"code":59756},"setIdx":1,"setId":2,"iconIdx":180},{"icon":{"paths":["M934 90.4c-16.123-16.304-38.493-26.4-63.222-26.4-0.070 0-0.139 0-0.209 0l0.011-0h-245.86c-16.794 0.032-31.997 6.817-43.044 17.784l0.004-0.004-491.5 491.4c-16.183 16.215-26.19 38.599-26.19 63.32s10.007 47.105 26.191 63.322l-0.002-0.002 234 234c16.219 16.19 38.611 26.202 63.34 26.202s47.121-10.012 63.341-26.203l-0.001 0.001 491.3-491.2c10.985-11.027 17.792-26.224 17.84-43.011l0-0.009v-246c0.001-0.163 0.002-0.356 0.002-0.549 0-24.476-9.938-46.631-26-62.649l-0.002-0.002zM768 320c-35.346 0-64-28.654-64-64s28.654-64 64-64c35.346 0 64 28.654 64 64v0c0 35.346-28.654 64-64 64v0z"],"attrs":[{}],"isMulticolor":false,"isMulticolor2":false,"grid":0,"tags":["pricetag"]},"attrs":[{}],"properties":{"order":316,"id":51,"name":"pricetag","prevSize":32,"code":59758},"setIdx":1,"setId":2,"iconIdx":184},{"icon":{"paths":["M896 367.6v-246c0-0.083 0-0.182 0-0.28 0-49.33-39.99-89.32-89.32-89.32-0.035 0-0.071 0-0.106 0l-245.854-0c-16.787 0.036-31.983 6.82-43.024 17.784l0.004-0.004-491.52 491.38c-16.176 16.226-26.177 38.615-26.177 63.34s10.001 47.114 26.179 63.342l-0.002-0.002 234 234c16.22 16.179 38.607 26.183 63.33 26.183s47.109-10.004 63.332-26.185l-0.002 0.002 491.38-491.22c10.963-11.035 17.749-26.232 17.78-43.014l0-0.006zM704 288c-35.346 0-64-28.654-64-64s28.654-64 64-64c35.346 0 64 28.654 64 64v0c0 35.346-28.654 64-64 64v0z","M992 128c-17.673 0-32 14.327-32 32v0 254.74l-522.62 522.64c-6.14 5.842-9.959 14.075-9.959 23.199 0 17.673 14.327 32 32 32 9.125 0 17.357-3.819 23.187-9.946l0.013-0.013 524-524c10.742-10.79 17.382-25.671 17.382-42.102 0-0.182-0.001-0.364-0.002-0.545l0 0.028v-256c0-17.673-14.327-32-32-32v0z"],"attrs":[{},{}],"isMulticolor":false,"isMulticolor2":false,"grid":0,"tags":["pricetags"]},"attrs":[{},{}],"properties":{"order":318,"id":49,"name":"pricetags","prevSize":32,"code":59760},"setIdx":1,"setId":2,"iconIdx":186},{"icon":{"paths":["M688 672h128c8.837 0 16 7.163 16 16v128c0 8.837-7.163 16-16 16h-128c-8.837 0-16-7.163-16-16v-128c0-8.837 7.163-16 16-16z","M560 544h96c8.837 0 16 7.163 16 16v96c0 8.837-7.163 16-16 16h-96c-8.837 0-16-7.163-16-16v-96c0-8.837 7.163-16 16-16z","M848 832h96c8.837 0 16 7.163 16 16v96c0 8.837-7.163 16-16 16h-96c-8.837 0-16-7.163-16-16v-96c0-8.837 7.163-16 16-16z","M880 544h64c8.837 0 16 7.163 16 16v64c0 8.837-7.163 16-16 16h-64c-8.837 0-16-7.163-16-16v-64c0-8.837 7.163-16 16-16z","M560 864h64c8.837 0 16 7.163 16 16v64c0 8.837-7.163 16-16 16h-64c-8.837 0-16-7.163-16-16v-64c0-8.837 7.163-16 16-16z","M896 64h-288c-35.346 0-64 28.654-64 64v0 288c0 35.346 28.654 64 64 64v0h288c35.346 0 64-28.654 64-64v0-288c0-35.346-28.654-64-64-64v0zM832 336c0 8.837-7.163 16-16 16v0h-128c-8.837 0-16-7.163-16-16v0-128c0-8.837 7.163-16 16-16v0h128c8.837 0 16 7.163 16 16v0z","M416 64h-288c-35.346 0-64 28.654-64 64v0 288c0 35.346 28.654 64 64 64v0h288c35.346 0 64-28.654 64-64v0-288c0-35.346-28.654-64-64-64v0zM352 336c0 8.837-7.163 16-16 16v0h-128c-8.837 0-16-7.163-16-16v0-128c0-8.837 7.163-16 16-16v0h128c8.837 0 16 7.163 16 16v0z","M416 544h-288c-35.346 0-64 28.654-64 64v0 288c0 35.346 28.654 64 64 64v0h288c35.346 0 64-28.654 64-64v0-288c0-35.346-28.654-64-64-64v0zM352 816c0 8.837-7.163 16-16 16v0h-128c-8.837 0-16-7.163-16-16v0-128c0-8.837 7.163-16 16-16v0h128c8.837 0 16 7.163 16 16v0z"],"attrs":[{},{},{},{},{},{},{},{}],"isMulticolor":false,"isMulticolor2":false,"grid":0,"tags":["qr-code"]},"attrs":[{},{},{},{},{},{},{},{}],"properties":{"order":391,"id":45,"name":"qr-code","prevSize":32,"code":59762},"setIdx":1,"setId":2,"iconIdx":190},{"icon":{"paths":["M512 96c-229.38 0-416 186.62-416 416s186.62 416 416 416 416-186.62 416-416-186.62-416-416-416zM752 460.3c0 9.521-7.719 17.24-17.24 17.24v0h-119.080c-0.008 0-0.018 0-0.027 0-9.51 0-17.22-7.71-17.22-17.22 0-4.767 1.937-9.081 5.067-12.199l0.001-0.001 44.34-44.34-11.2-13.020c-31.837-33.016-76.456-53.52-125.865-53.52-96.517 0-174.76 78.243-174.76 174.76 0 96.512 78.234 174.751 174.744 174.76l0.001 0c75.631-0.073 140.029-48.084 164.453-115.282l0.387-1.218c4.528-12.55 16.335-21.36 30.2-21.36 17.689 0 32.030 14.34 32.030 32.030 0 3.825-0.67 7.493-1.9 10.893l0.070-0.223c-33.761 93.564-121.789 159.24-225.157 159.24-131.886 0-238.8-106.914-238.8-238.8 0-131.856 106.867-238.752 238.712-238.8l0.005-0c0.269-0.001 0.586-0.002 0.904-0.002 67.605 0 128.589 28.344 171.718 73.797l0.098 0.104 1.12 1.24 8.62 10 29.36-29.36c3.051-3.119 7.297-5.060 11.996-5.080l0.004-0c0.042-0 0.091-0.001 0.14-0.001 9.51 0 17.22 7.71 17.22 17.22 0 0.014-0 0.029-0 0.043l0-0.002z"],"attrs":[{}],"isMulticolor":false,"isMulticolor2":false,"grid":0,"tags":["reload-circle"]},"attrs":[{}],"properties":{"order":399,"id":38,"name":"reload-circle","prevSize":32,"code":59765},"setIdx":1,"setId":2,"iconIdx":197},{"icon":{"paths":["M512 96c-229.38 0-416 186.62-416 416s186.62 416 416 416 416-186.62 416-416-186.62-416-416-416zM672 544h-320c-17.673 0-32-14.327-32-32s14.327-32 32-32v0h320c17.673 0 32 14.327 32 32s-14.327 32-32 32v0z"],"attrs":[{}],"isMulticolor":false,"isMulticolor2":false,"grid":0,"tags":["remove-circle"]},"attrs":[{}],"properties":{"order":389,"id":34,"name":"remove-circle","prevSize":32,"code":59768},"setIdx":1,"setId":2,"iconIdx":201},{"icon":{"paths":["M608 512c0 53.019-42.981 96-96 96s-96-42.981-96-96c0-53.019 42.981-96 96-96s96 42.981 96 96z","M940.78 600l-0.94-0.76-63.12-49.5c-7.478-5.953-12.23-15.056-12.23-25.269 0-0.489 0.011-0.976 0.032-1.46l-0.002 0.069v-23.12c-0.016-0.378-0.025-0.821-0.025-1.266 0-10.187 4.76-19.262 12.178-25.123l0.067-0.051 64.040-50.28c11.773-9.856 19.207-24.559 19.207-40.998 0-10.003-2.753-19.363-7.542-27.365l0.135 0.243-85.42-147.8c-0.090-0.126-0.177-0.271-0.252-0.421l-0.008-0.019c-9.566-15.7-26.592-26.023-46.030-26.023-6.779 0-13.265 1.256-19.238 3.547l0.368-0.124-0.7 0.26-74.2 29.86c-3.536 1.47-7.643 2.324-11.95 2.324-6.3 0-12.173-1.827-17.119-4.981l0.129 0.077q-9.84-6.2-20-11.72c-8.746-4.811-14.916-13.378-16.36-23.47l-0.020-0.17-11.18-79.18-0.24-1.44c-5.089-24.985-26.755-43.564-52.81-43.84l-0.030-0h-171.040c-26.463 0.087-48.423 19.252-52.853 44.457l-0.047 0.323-0.18 1.12-11.14 79.34c-1.456 10.235-7.574 18.789-16.098 23.557l-0.162 0.083c-6.84 3.68-13.52 7.58-20 11.64-4.799 3.053-10.646 4.865-16.916 4.865-4.305 0-8.41-0.854-12.156-2.403l0.211 0.077-74.96-30.28c-5.605-2.167-12.092-3.422-18.871-3.422-19.473 0-36.528 10.358-45.954 25.864l-0.134 0.238-0.26 0.44-85.54 147.9c-4.663 7.769-7.421 17.144-7.421 27.162 0 16.454 7.439 31.171 19.137 40.97l0.083 0.068 0.94 0.76 63.12 49.5c7.478 5.953 12.23 15.056 12.23 25.269 0 0.489-0.011 0.976-0.032 1.46l0.002-0.069v23.12c0.016 0.378 0.025 0.821 0.025 1.266 0 10.187-4.76 19.262-12.178 25.123l-0.067 0.051-64.040 50.28c-11.773 9.856-19.207 24.559-19.207 40.998 0 10.003 2.753 19.363 7.542 27.365l-0.135-0.243 85.42 147.8c0.090 0.126 0.177 0.271 0.252 0.421l0.008 0.019c9.566 15.7 26.592 26.023 46.030 26.023 6.779 0 13.265-1.256 19.238-3.547l-0.368 0.124 0.7-0.26 74.14-29.86c3.536-1.47 7.643-2.324 11.95-2.324 6.3 0 12.173 1.827 17.119 4.981l-0.129-0.077q9.84 6.22 20 11.72c8.746 4.811 14.916 13.378 16.36 23.47l0.020 0.17 11.12 79.18 0.24 1.44c5.098 25.024 26.826 43.623 52.936 43.84l0.024 0h171.040c26.463-0.087 48.423-19.252 52.853-44.457l0.047-0.323 0.18-1.12 11.14-79.34c1.478-10.251 7.634-18.81 16.196-23.557l0.164-0.083c6.84-3.68 13.52-7.58 20-11.64 4.799-3.053 10.646-4.865 16.916-4.865 4.305 0 8.41 0.854 12.156 2.403l-0.211-0.077 74.96 30.18c5.61 2.173 12.102 3.432 18.889 3.432 19.471 0 36.521-10.362 45.937-25.873l0.134-0.238c0.092-0.176 0.179-0.319 0.272-0.458l-0.012 0.018 85.42-147.78c4.676-7.776 7.441-17.16 7.441-27.191 0-16.451-7.439-31.165-19.138-40.961l-0.084-0.068zM671.82 519.52c-4.124 85.072-74.101 152.484-159.823 152.484-88.366 0-160-71.634-160-160 0-85.729 67.423-155.71 152.136-159.81l0.367-0.014c2.106-0.099 4.574-0.155 7.056-0.155 88.598 0 160.42 71.822 160.42 160.42 0 2.488-0.057 4.964-0.169 7.424l0.013-0.349z"],"attrs":[{},{}],"isMulticolor":false,"isMulticolor2":false,"grid":0,"tags":["settings"]},"attrs":[{},{}],"properties":{"order":397,"id":24,"name":"settings","prevSize":32,"code":59772},"setIdx":1,"setId":2,"iconIdx":211},{"icon":{"paths":["M958.14 222.7c-0.957-14.831-11.884-26.851-26.103-29.47l-0.197-0.030c-172.060-30.84-244.46-54.96-399.84-124.88-15.52-5.78-25.14-5.68-40 0-155.38 70-227.78 94-399.84 124.88-14.416 2.649-25.343 14.669-26.295 29.406l-0.005 0.094c-7.7 122.2 8.68 236 48.72 338.3 34.722 87.115 83.052 161.76 143.152 225.131l-0.292-0.311c89.34 94.86 188.4 150.24 239.48 171.2 4.469 1.875 9.662 2.964 15.11 2.964s10.641-1.089 15.375-3.061l-0.265 0.098c54-21.84 149.38-75.64 239.42-171.24 59.804-63.050 108.134-137.681 141.196-220.083l1.664-4.697c40.040-102.28 56.42-216.1 48.72-338.3z"],"attrs":[{}],"isMulticolor":false,"isMulticolor2":false,"grid":0,"tags":["shield"]},"attrs":[{}],"properties":{"order":395,"id":22,"name":"shield","prevSize":32,"code":59774},"setIdx":1,"setId":2,"iconIdx":213},{"icon":{"paths":["M958.14 222.72c-0.966-14.823-11.89-26.832-26.103-29.45l-0.197-0.030c-173-31.040-245.22-53.48-406.66-126.4-3.872-1.794-8.404-2.84-13.18-2.84s-9.308 1.046-13.379 2.922l0.199-0.082c-161.44 72.92-233.66 95.36-406.66 126.4-14.41 2.648-25.334 14.657-26.295 29.385l-0.005 0.095c-7.7 122.22 8.72 236.1 48.86 338.48 34.855 87.199 83.321 161.908 143.564 225.321l-0.284-0.301c106.94 113.46 220.48 162.74 242.14 171.46 3.551 1.477 7.675 2.335 12 2.335s8.449-0.858 12.213-2.413l-0.213 0.078c21.66-8.72 135.2-58 242.14-171.46 59.853-63.123 108.229-137.832 141.333-220.315l1.667-4.705c40.14-102.38 56.56-216.26 48.86-338.48zM696.14 372.94l-221.6 256c-5.601 6.463-13.685 10.647-22.751 11.058l-0.069 0.002h-1.32c-0.002 0-0.005 0-0.008 0-8.72 0-16.626-3.488-22.398-9.145l0.005 0.005-98.4-96.4c-5.93-5.814-9.605-13.908-9.605-22.86 0-17.676 14.329-32.005 32.005-32.005 8.724 0 16.632 3.49 22.405 9.15l-0.005-0.005 74 72.58 199.4-230.26c5.901-6.792 14.552-11.062 24.2-11.062 17.674 0 32.002 14.328 32.002 32.002 0 8.026-2.955 15.362-7.835 20.979l0.033-0.039z"],"attrs":[{}],"isMulticolor":false,"isMulticolor2":false,"grid":0,"tags":["shield-checkmark"]},"attrs":[{}],"properties":{"order":394,"id":21,"name":"shield-checkmark","prevSize":32,"code":59775},"setIdx":1,"setId":2,"iconIdx":214},{"icon":{"paths":["M512 96c-229.74 0-416 186.26-416 416s186.26 416 416 416 416-186.26 416-416-186.26-416-416-416zM704 576h-192c-17.673 0-32-14.327-32-32v0-288c0-17.673 14.327-32 32-32s32 14.327 32 32v0 256h160c17.673 0 32 14.327 32 32s-14.327 32-32 32v0z"],"attrs":[{}],"isMulticolor":false,"isMulticolor2":false,"grid":0,"tags":["time"]},"attrs":[{}],"properties":{"order":384,"id":13,"name":"time","prevSize":32,"code":59779},"setIdx":1,"setId":2,"iconIdx":222},{"icon":{"paths":["M864 192h-192v-48c0-44.183-35.817-80-80-80v0h-160c-44.183 0-80 35.817-80 80v0 48h-192c-17.673 0-32 14.327-32 32s14.327 32 32 32v0h34l38 609.84c2.84 53.7 44 94.16 96 94.16h368c52.26 0 92.6-39.56 96-94l38-610h34c17.673 0 32-14.327 32-32s-14.327-32-32-32v0zM385.14 832h-1.14c-0.006 0-0.013 0-0.020 0-17.272 0-31.348-13.684-31.978-30.803l-0.002-0.057-16-448c-0.013-0.34-0.020-0.739-0.020-1.14 0-17.684 14.336-32.020 32.020-32.020 17.283 0 31.369 13.693 31.998 30.823l0.002 0.057 16 448c0.013 0.346 0.021 0.752 0.021 1.16 0 17.28-13.696 31.36-30.825 31.979l-0.056 0.002zM544 800c0 17.673-14.327 32-32 32s-32-14.327-32-32v0-448c0-17.673 14.327-32 32-32s32 14.327 32 32v0zM608 192h-192v-48c-0.001-0.054-0.001-0.117-0.001-0.181 0-8.737 7.083-15.82 15.82-15.82 0.064 0 0.127 0 0.191 0.001l-0.010-0h160c0.054-0.001 0.117-0.001 0.181-0.001 8.737 0 15.82 7.083 15.82 15.82 0 0.064-0 0.127-0.001 0.191l0-0.010zM672 801.14c-0.631 17.176-14.707 30.86-31.98 30.86-0.007 0-0.014-0-0.021-0l-1.159 0c-17.176-0.631-30.861-14.707-30.861-31.98 0-0.408 0.008-0.814 0.023-1.219l-0.002 0.058 16-448c0.631-17.187 14.717-30.88 32-30.88 17.684 0 32.020 14.336 32.020 32.020 0 0.401-0.007 0.8-0.022 1.197l0.002-0.057z"],"attrs":[{}],"isMulticolor":false,"isMulticolor2":false,"grid":0,"tags":["trash"]},"attrs":[{}],"properties":{"order":382,"id":7,"name":"trash","prevSize":32,"code":59781},"setIdx":1,"setId":2,"iconIdx":228},{"icon":{"paths":["M898.14 798.16l-340.86-633c-24.16-44.88-88.52-44.88-112.7 0l-340.84 633c-4.816 8.774-7.649 19.226-7.649 30.34 0 35.314 28.602 63.948 63.904 64l0.005 0h681.78c0.003 0 0.006 0 0.009 0 35.346 0 64-28.654 64-64 0-11.114-2.833-21.566-7.816-30.674l0.167 0.334zM500.94 794.5c-22.091 0-40-17.909-40-40s17.909-40 40-40c22.091 0 40 17.909 40 40v0c0 22.091-17.909 40-40 40h-0zM544.38 392.2l-11.48 244c0 17.673-14.327 32-32 32s-32-14.327-32-32v0l-11.48-243.9c-0.027-0.574-0.043-1.246-0.043-1.922 0-23.856 19.22-43.222 43.020-43.458l0.022-0h0.42c0.007-0 0.015-0 0.022-0 24.013 0 43.48 19.467 43.48 43.48 0 0.675-0.015 1.347-0.046 2.015l0.003-0.095z"],"attrs":[{}],"isMulticolor":false,"isMulticolor2":false,"grid":0,"tags":["warning"]},"attrs":[{}],"properties":{"order":323,"id":1,"name":"warning","prevSize":32,"code":59783},"setIdx":1,"setId":2,"iconIdx":234},{"icon":{"paths":["M1024 0v416l-160-160-192 192-96-96 192-192-160-160zM448 672l-192 192 160 160h-416v-416l160 160 192-192z"],"tags":["enlarge","expand","maximize","fullscreen"],"defaultCode":59787,"grid":16,"attrs":[]},"attrs":[],"properties":{"ligatures":"enlarge2, expand2","name":"enlarge2","order":446,"id":140,"prevSize":32,"code":59787},"setIdx":2,"setId":1,"iconIdx":139},{"icon":{"paths":["M448 576v416l-160-160-192 192-96-96 192-192-160-160zM1024 96l-192 192 160 160h-416v-416l160 160 192-192z"],"tags":["shrink","collapse","minimize","contract"],"defaultCode":59788,"grid":16,"attrs":[]},"attrs":[],"properties":{"ligatures":"shrink2, collapse2","name":"shrink2","order":447,"id":141,"prevSize":32,"code":59788},"setIdx":2,"setId":1,"iconIdx":140},{"icon":{"paths":["M874.040 149.96c-96.706-96.702-225.28-149.96-362.040-149.96s-265.334 53.258-362.040 149.96c-96.702 96.706-149.96 225.28-149.96 362.040s53.258 265.334 149.96 362.040c96.706 96.702 225.28 149.96 362.040 149.96s265.334-53.258 362.040-149.96c96.702-96.706 149.96-225.28 149.96-362.040s-53.258-265.334-149.96-362.040zM896 512c0 82.814-26.354 159.588-71.112 222.38l-535.266-535.268c62.792-44.758 139.564-71.112 222.378-71.112 211.738 0 384 172.262 384 384zM128 512c0-82.814 26.354-159.586 71.112-222.378l535.27 535.268c-62.794 44.756-139.568 71.11-222.382 71.11-211.738 0-384-172.262-384-384z"],"tags":["blocked","forbidden","denied","banned"],"defaultCode":59918,"grid":16,"attrs":[]},"attrs":[],"properties":{"ligatures":"blocked, forbidden","name":"blocked","order":445,"id":271,"prevSize":32,"code":59918},"setIdx":2,"setId":1,"iconIdx":270},{"icon":{"paths":["M1014.662 822.66c-0.004-0.004-0.008-0.008-0.012-0.010l-310.644-310.65 310.644-310.65c0.004-0.004 0.008-0.006 0.012-0.010 3.344-3.346 5.762-7.254 7.312-11.416 4.246-11.376 1.824-24.682-7.324-33.83l-146.746-146.746c-9.148-9.146-22.45-11.566-33.828-7.32-4.16 1.55-8.070 3.968-11.418 7.31 0 0.004-0.004 0.006-0.008 0.010l-310.648 310.652-310.648-310.65c-0.004-0.004-0.006-0.006-0.010-0.010-3.346-3.342-7.254-5.76-11.414-7.31-11.38-4.248-24.682-1.826-33.83 7.32l-146.748 146.748c-9.148 9.148-11.568 22.452-7.322 33.828 1.552 4.16 3.97 8.072 7.312 11.416 0.004 0.002 0.006 0.006 0.010 0.010l310.65 310.648-310.65 310.652c-0.002 0.004-0.006 0.006-0.008 0.010-3.342 3.346-5.76 7.254-7.314 11.414-4.248 11.376-1.826 24.682 7.322 33.83l146.748 146.746c9.15 9.148 22.452 11.568 33.83 7.322 4.16-1.552 8.070-3.97 11.416-7.312 0.002-0.004 0.006-0.006 0.010-0.010l310.648-310.65 310.648 310.65c0.004 0.002 0.008 0.006 0.012 0.008 3.348 3.344 7.254 5.762 11.414 7.314 11.378 4.246 24.684 1.826 33.828-7.322l146.746-146.748c9.148-9.148 11.57-22.454 7.324-33.83-1.552-4.16-3.97-8.068-7.314-11.414z"],"tags":["cross","cancel","close","quit","remove"],"defaultCode":59919,"grid":16,"attrs":[]},"attrs":[],"properties":{"ligatures":"cross, cancel","name":"cross","order":444,"id":272,"prevSize":32,"code":59919},"setIdx":2,"setId":1,"iconIdx":271},{"icon":{"paths":["M864 128l-480 480-224-224-160 160 384 384 640-640z"],"tags":["checkmark","tick","correct","accept","ok"],"defaultCode":59920,"grid":16,"attrs":[]},"attrs":[],"properties":{"ligatures":"checkmark, tick","name":"checkmark","order":443,"id":273,"prevSize":32,"code":59920},"setIdx":2,"setId":1,"iconIdx":272},{"icon":{"paths":["M877.254 402.746l-320-320c-24.992-24.994-65.514-24.994-90.508 0l-320 320c-24.994 24.994-24.994 65.516 0 90.51 24.994 24.996 65.516 24.996 90.51 0l210.744-210.746v613.49c0 35.346 28.654 64 64 64s64-28.654 64-64v-613.49l210.746 210.746c12.496 12.496 28.876 18.744 45.254 18.744s32.758-6.248 45.254-18.746c24.994-24.994 24.994-65.514 0-90.508z"],"tags":["arrow-up","up","upload","top"],"defaultCode":59962,"grid":16,"attrs":[]},"attrs":[],"properties":{"ligatures":"arrow-up2, up2","name":"arrow-up2","order":442,"id":315,"prevSize":32,"code":59962},"setIdx":2,"setId":1,"iconIdx":314},{"icon":{"paths":["M621.254 877.254l320-320c24.994-24.992 24.994-65.516 0-90.51l-320-320c-24.994-24.992-65.516-24.992-90.51 0-24.994 24.994-24.994 65.516 0 90.51l210.746 210.746h-613.49c-35.346 0-64 28.654-64 64s28.654 64 64 64h613.49l-210.746 210.746c-12.496 12.496-18.744 28.876-18.744 45.254s6.248 32.758 18.744 45.254c24.994 24.994 65.516 24.994 90.51 0z"],"tags":["arrow-right","right","next"],"defaultCode":59964,"grid":16,"attrs":[]},"attrs":[],"properties":{"ligatures":"arrow-right2, right4","name":"arrow-right2","order":441,"id":317,"prevSize":32,"code":59964},"setIdx":2,"setId":1,"iconIdx":316},{"icon":{"paths":["M877.254 621.254l-320 320c-24.992 24.994-65.514 24.994-90.508 0l-320-320c-24.994-24.994-24.994-65.516 0-90.51 24.994-24.996 65.516-24.996 90.51 0l210.744 210.746v-613.49c0-35.346 28.654-64 64-64s64 28.654 64 64v613.49l210.746-210.746c12.496-12.496 28.876-18.744 45.254-18.744s32.758 6.248 45.254 18.746c24.994 24.994 24.994 65.514 0 90.508z"],"tags":["arrow-down","down","download","bottom"],"defaultCode":59966,"grid":16,"attrs":[]},"attrs":[],"properties":{"ligatures":"arrow-down2, down2","name":"arrow-down2","order":440,"id":319,"prevSize":32,"code":59966},"setIdx":2,"setId":1,"iconIdx":318},{"icon":{"paths":["M402.746 877.254l-320-320c-24.994-24.992-24.994-65.516 0-90.51l320-320c24.994-24.992 65.516-24.992 90.51 0 24.994 24.994 24.994 65.516 0 90.51l-210.746 210.746h613.49c35.346 0 64 28.654 64 64s-28.654 64-64 64h-613.49l210.746 210.746c12.496 12.496 18.744 28.876 18.744 45.254s-6.248 32.758-18.744 45.254c-24.994 24.994-65.516 24.994-90.51 0z"],"tags":["arrow-left","left","previous"],"defaultCode":59968,"grid":16,"attrs":[]},"attrs":[],"properties":{"ligatures":"arrow-left2, left4","name":"arrow-left2","order":439,"id":321,"prevSize":32,"code":59968},"setIdx":2,"setId":1,"iconIdx":320}],"height":1024,"metadata":{"name":"icomoon"},"preferences":{"showGlyphs":true,"showQuickUse":true,"showQuickUse2":true,"showSVGs":true,"fontPref":{"prefix":"icon-","metadata":{"fontFamily":"icomoon","majorVersion":1,"minorVersion":0},"metrics":{"emSize":1024,"baseline":6.25,"whitespace":50},"embed":false},"imagePref":{"prefix":"icon-","png":true,"useClassSelector":true,"color":0,"bgColor":16777215,"classSelector":".icon"},"historySize":50,"showCodes":true,"gridSize":16}}